purchase_id,item_id,user_id,date,amount
4850,39,47,2008-04-06 11:54:47,161.38
2356,10,45,2007-07-28 0:00:19,35.34
2922,117,33,2008-03-14 20:43:54,146.5
4929,128,77,2007-12-18 13:03:24,119.21
510,113,6,2007-11-09 5:18:30,105.24
1455,19,5,2008-01-24 23:02:24,164.94
3428,177,80,2007-12-24 16:28:30,1044.0
2989,63,10,2007-05-07 17:46:15,98.39
2275,24,42,2008-05-31 13:02:21,10049.1
1970,106,29,2008-05-09 10:01:21,182.82
1536,63,85,2007-05-31 15:59:25,118.64
4759,112,82,2007-06-11 14:15:21,1054.45
3926,97,19,2007-07-29 13:47:47,135.14
1848,37,30,2007-06-02 3:46:50,1079.94
1595,40,79,2007-10-20 4:49:56,139.2
950,89,87,2007-10-11 10:05:55,2080.54
1518,128,42,2007-05-09 14:03:37,-640.77
982,140,12,2008-06-26 5:43:30,154.15
1516,87,43,2008-05-23 10:06:59,1086.79
1457,19,54,2008-05-13 2:22:21,10080.0
320,131,3,2008-06-06 20:08:14,10050.52
2587,139,67,2007-07-17 12:04:57,10063.87
4493,135,91,2007-12-09 0:46:16,10020.99
185,91,96,2007-06-17 12:52:20,2061.93
2659,103,74,2008-02-05 12:23:59,168.95
4622,74,60,2007-10-11 3:14:00,143.31
1858,38,36,2008-04-17 14:53:42,89.95
3466,138,83,2007-12-21 0:06:27,1037.78
4191,177,8,2007-11-11 12:50:49,1048.93
3973,62,67,2007-07-16 5:12:39,1014.33
1567,148,54,2007-10-07 15:37:47,1040.58
3426,74,100,2008-05-30 6:32:01,1050.16
1062,120,44,2008-05-30 6:04:58,1051.85
954,82,73,2008-04-03 22:04:42,163.42
4324,129,19,2008-01-11 15:16:37,55.79
3183,73,45,2008-04-05 17:27:37,149.83
1728,111,37,2008-01-01 20:23:17,193.33
4122,16,89,2007-07-14 1:29:26,1050.49
772,48,100,2007-10-28 2:51:26,171.32
1426,83,64,2008-05-15 10:23:25,1067.1
4989,156,68,2008-03-25 2:07:43,2059.52
537,76,51,2008-04-06 14:13:01,-662.27
3469,78,22,2008-04-10 21:32:37,1059.83
4739,113,28,2008-01-02 7:52:34,-656.99
4885,66,92,2007-10-30 23:15:38,124.02
4361,132,26,2008-01-25 7:33:01,62.68
1636,107,34,2008-01-16 3:27:15,10101.67
2032,42,58,2008-01-23 15:20:04,158.88
3689,102,1,2007-11-21 1:29:50,148.86
2159,139,7,2008-04-20 22:24:11,2046.18
4734,54,61,2008-05-13 2:22:21,146.23
1560,116,94,2007-12-17 8:22:06,-657.33
1186,44,38,2007-10-17 0:15:58,2082.61
1306,3,51,2008-04-02 8:50:26,177.37
3034,95,5,2007-06-20 12:13:51,119.63
2325,174,18,2008-01-29 15:02:18,-663.88
1767,39,67,2007-06-05 11:09:49,10064.69
3701,54,23,2008-06-25 4:38:45,144.82
4210,157,27,2008-06-06 20:42:57,1086.17
3089,30,54,2008-03-15 10:28:15,1093.98
675,86,33,2008-04-28 17:09:38,2068.39
350,43,72,2008-05-15 10:10:10,1080.96
4911,141,38,2007-10-25 8:36:46,160.07
3841,14,23,2008-04-13 13:36:06,115.46
1885,105,18,2007-05-23 22:13:16,1034.46
3476,127,89,2008-04-08 19:52:22,10052.53
4945,153,35,2007-08-18 4:05:05,2077.3
1324,18,85,2007-11-30 0:59:12,78.87
2693,27,18,2007-12-22 16:17:29,1046.18
1498,9,68,2008-03-01 4:50:15,172.34
4447,135,78,2008-05-12 23:02:49,117.07
2147,120,52,2008-01-23 15:07:52,125.79
4095,3,63,2007-07-19 2:59:31,177.63
3619,163,75,2007-10-30 11:44:28,146.71
898,165,88,2007-11-28 0:26:14,10053.43
4065,153,1,2008-04-22 18:50:55,2067.09
1400,55,88,2007-08-06 5:12:05,1035.42
4772,23,35,2008-05-27 5:00:40,168.55
3396,88,68,2007-06-30 3:59:55,1070.51
3290,10,18,2007-06-01 6:50:39,10082.34
1351,166,58,2007-05-19 6:27:51,-628.51
3368,114,16,2007-11-17 2:06:41,10084.57
912,77,85,2007-05-14 14:58:10,143.21
3005,19,62,2007-10-24 1:08:58,136.86
227,127,76,2008-04-23 17:59:18,-620.96
3633,81,92,2007-12-29 16:10:08,1039.97
4591,8,42,2007-12-02 14:39:04,2081.42
888,32,15,2008-01-27 13:17:10,133.23
2003,99,51,2008-04-16 12:31:53,1045.36
1304,68,16,2007-10-30 23:15:38,-629.56
1312,19,3,2008-01-17 9:28:52,1072.13
1072,66,97,2007-08-18 4:05:05,133.36
1682,63,16,2008-01-29 15:02:18,66.68
1129,94,93,2008-04-26 9:03:21,1127.23
1854,15,25,2007-07-10 7:57:53,90.26
3882,84,20,2008-06-28 11:49:14,29.76
1332,75,11,2007-07-18 18:12:52,120.49
1899,155,2,2008-01-26 20:42:30,158.9
1995,128,99,2007-12-19 9:24:45,1111.98
4665,9,43,2007-12-19 16:47:44,1051.18
182,65,72,2008-05-17 2:30:25,1047.52
4734,81,54,2007-08-27 10:22:28,187.7
3797,56,70,2007-08-01 3:15:42,10060.19
1223,169,19,2008-02-01 17:14:11,169.91
408,29,94,2007-12-31 2:58:16,-677.24
2942,106,81,2008-01-27 13:17:10,102.44
2131,112,35,2008-01-23 15:20:04,1058.87
2667,75,65,2008-02-02 22:31:47,10053.18
1831,40,58,2007-12-08 5:56:40,10046.42
2070,2,16,2007-07-12 14:08:58,2053.15
3252,38,63,2008-05-12 23:02:49,1040.5
1003,174,60,2007-11-23 16:22:05,2052.85
1845,145,15,2008-02-05 12:23:59,140.51
1677,161,82,2007-08-27 10:22:28,2044.48
2818,75,10,2007-10-17 0:15:58,65.74
390,161,79,2007-11-29 0:20:44,-635.03
1341,18,78,2008-01-18 23:42:52,182.16
981,156,67,2007-06-01 6:50:39,-613.51
323,172,77,2008-01-13 19:10:05,1098.71
2814,80,64,2007-12-14 0:46:25,140.77
3231,66,48,2008-01-13 1:51:28,1065.81
3739,158,88,2007-08-12 3:28:06,1106.49
335,37,57,2008-05-02 9:16:05,1087.05
2852,110,1,2008-01-02 16:15:14,158.38
2495,149,47,2007-06-16 17:42:15,1075.95
3667,153,12,2008-06-13 8:03:11,118.95
3289,134,69,2007-08-08 3:35:37,94.22
3345,41,32,2008-03-16 10:10:02,-626.13
300,88,51,2007-11-24 20:44:12,143.28
220,5,85,2007-07-30 9:29:11,10062.93
4828,35,48,2007-07-21 13:22:14,84.45
3008,164,10,2007-07-21 21:40:35,1066.8
4853,175,99,2007-06-03 20:23:21,1073.92
820,121,70,2008-04-23 20:00:01,59.28
2859,126,35,2008-06-25 4:38:45,1097.13
1483,165,22,2008-05-15 15:11:49,1111.21
3145,110,100,2008-01-16 20:22:34,126.93
4437,34,86,2008-04-06 8:59:43,2042.18
557,124,88,2007-06-09 21:10:22,1047.97
1857,111,69,2007-08-18 17:22:55,73.84
602,136,80,2007-05-17 7:07:29,10078.08
2994,101,22,2008-01-03 21:31:30,141.95
1505,29,80,2007-06-18 9:15:56,-653.97
454,98,7,2008-05-12 10:01:40,152.19
10,142,81,2008-04-09 16:38:33,10059.62
1252,123,15,2008-04-08 23:13:24,62.42
70,112,23,2007-07-30 12:09:48,-671.88
3550,160,69,2007-10-25 9:51:21,77.66
1745,174,75,2007-05-01 12:42:45,-672.61
2636,172,45,2007-08-21 14:53:04,102.51
869,17,63,2007-08-10 8:56:22,2063.67
748,94,22,2007-10-07 3:58:45,157.5
4480,176,65,2008-01-08 5:20:44,45.83
3008,45,41,2007-08-30 20:44:44,10067.56
898,20,73,2007-08-08 3:35:37,10074.84
4902,35,72,2008-03-03 19:17:41,10056.77
4052,35,26,2007-11-19 21:36:37,31.95
1510,160,14,2008-02-13 8:21:05,185.82
1476,143,15,2008-03-01 1:37:55,178.93
3880,15,64,2008-06-18 4:10:05,1073.64
3104,133,71,2007-10-01 0:15:31,2092.92
2423,39,7,2007-10-03 11:59:15,159.02
4665,154,67,2008-04-19 17:30:07,1087.2
4950,107,78,2007-12-22 19:20:20,-626.82
436,125,42,2008-01-05 19:59:56,1041.58
4462,152,51,2008-03-24 17:28:25,134.42
255,50,59,2007-05-01 7:17:29,185.12
3222,19,2,2007-10-31 20:05:16,-648.87
1763,76,95,2008-02-21 23:54:43,1067.87
4026,73,9,2008-02-14 0:24:38,2049.49
4693,75,54,2007-12-05 18:26:16,173.28
1453,97,37,2007-10-24 10:39:34,-625.71
2695,20,99,2008-02-12 23:01:45,141.42
1730,44,38,2007-12-31 2:58:16,10041.05
2583,138,61,2007-07-20 5:49:16,146.62
4451,155,14,2008-05-24 16:51:10,10092.68
329,76,50,2007-06-27 12:52:53,37.1
1955,50,86,2007-07-21 21:07:44,1049.92
4493,51,97,2007-12-12 23:35:37,77.73
2480,131,87,2007-07-21 21:40:35,154.65
1787,103,90,2008-04-26 9:28:41,10067.25
3256,146,53,2008-06-10 19:01:19,129.49
1865,92,4,2007-07-16 5:12:39,130.01
4374,51,61,2008-06-12 14:41:52,87.96
1410,177,53,2007-05-07 17:46:15,154.1
3214,78,55,2007-12-13 2:50:30,2034.14
738,128,89,2008-05-18 21:49:20,1075.25
2471,117,77,2007-06-09 2:34:24,166.99
3067,5,62,2007-06-09 7:06:13,10055.97
4715,101,74,2007-12-20 22:49:41,10043.11
871,115,60,2007-05-01 23:14:02,22.53
3146,94,52,2008-03-11 20:03:58,201.81
249,128,55,2008-03-24 13:27:34,72.07
1710,119,96,2008-01-21 10:08:36,49.51
586,127,44,2008-05-18 21:49:20,151.5
3430,27,19,2007-10-03 11:59:15,-686.14
4161,151,67,2008-03-14 6:47:02,1078.48
1211,169,63,2007-05-20 23:14:00,43.14
324,137,97,2007-05-15 3:04:49,131.51
1157,47,76,2007-11-03 19:15:44,1072.99
4055,119,92,2007-11-17 2:06:41,1072.65
4662,162,55,2007-06-20 2:53:22,186.34
4472,38,54,2008-01-27 13:17:10,-646.65
3136,152,72,2007-08-08 15:01:42,10072.38
4401,166,98,2008-03-03 19:17:41,126.75
848,104,36,2008-01-13 1:51:28,102.46
1485,120,55,2008-05-29 21:18:31,1106.11
3098,142,95,2008-01-01 23:17:47,-621.02
337,141,12,2007-05-06 18:06:16,-678.37
4194,165,46,2008-05-27 1:02:08,1084.35
1725,147,5,2007-11-06 2:33:15,1029.85
3516,88,50,2008-04-10 1:45:39,2053.39
1003,8,87,2007-10-03 6:52:44,1080.05
1631,113,64,2008-04-13 13:36:06,1055.87
704,26,72,2007-11-09 3:10:57,101.99
2994,147,23,2008-01-03 2:38:44,115.36
29,23,100,2008-04-14 21:50:27,137.0
3228,111,43,2007-05-08 2:13:03,54.07
2622,95,100,2007-10-11 3:14:00,1038.9
3576,55,16,2008-04-30 13:16:52,1030.92
3406,154,8,2007-05-17 4:07:19,1074.88
1416,104,77,2008-02-13 8:21:05,1061.46
195,171,42,2008-02-24 2:59:17,10069.73
198,120,50,2008-06-13 4:01:23,123.66
2462,144,8,2007-10-16 18:45:51,2044.95
972,36,16,2007-06-23 3:53:15,-610.36
1752,7,49,2008-03-20 5:38:14,2042.7
2536,24,90,2008-01-26 8:59:35,10089.29
3447,50,80,2008-01-28 15:12:26,145.57
1846,27,60,2007-11-01 4:48:07,10033.71
517,78,43,2008-03-14 22:24:51,2088.48
2636,28,59,2007-06-06 19:42:31,2076.27
484,9,58,2007-12-28 17:09:43,-649.93
4610,105,40,2007-12-16 18:47:38,146.82
3793,158,89,2007-06-09 2:34:24,10094.84
67,159,95,2008-04-23 3:34:19,1034.85
314,108,87,2008-04-20 4:10:51,-666.48
3498,78,51,2007-05-31 1:28:04,189.12
1490,18,68,2008-05-09 0:03:40,1094.74
4816,83,70,2007-06-25 7:34:56,56.47
273,82,88,2007-08-21 22:39:43,78.25
22,167,77,2007-12-05 19:39:40,138.85
4074,88,62,2008-01-16 20:22:34,1091.83
1759,104,11,2007-05-17 21:20:35,1068.13
429,175,48,2008-06-28 14:08:06,66.96
687,126,4,2007-05-15 0:49:44,130.04
4549,76,32,2007-11-16 22:35:11,148.56
4369,139,6,2007-07-16 20:32:23,167.29
1657,86,47,2008-04-12 12:34:40,182.08
597,8,29,2008-05-24 15:53:11,2079.67
2525,99,82,2008-03-01 1:37:55,147.48
4238,158,23,2007-07-03 15:59:16,10068.21
3703,8,13,2008-02-08 12:05:38,-634.85
641,50,64,2007-08-07 21:38:36,10054.91
767,127,51,2008-06-02 5:48:09,1075.38
2138,65,41,2008-02-08 2:54:29,1036.52
972,134,54,2008-02-29 13:25:58,131.59
4508,162,83,2007-08-19 22:25:28,10038.64
891,122,35,2007-07-02 5:34:35,1094.4
554,20,64,2007-07-28 14:41:53,138.03
3836,95,62,2007-11-29 0:20:44,63.85
3002,76,52,2007-12-25 20:29:33,139.88
25,71,23,2007-11-02 19:28:39,1044.35
2099,73,6,2008-06-28 14:08:06,-594.68
4781,120,89,2007-10-08 15:59:07,103.56
1990,9,21,2008-03-15 10:28:15,10068.15
4308,31,17,2007-11-11 1:38:20,1060.1
2751,8,8,2008-04-24 2:51:06,-640.8
1580,119,25,2008-03-15 12:17:22,1054.46
1852,65,92,2008-04-02 8:50:26,1114.22
3097,99,37,2008-03-26 18:22:32,160.61
3611,2,49,2007-07-14 1:29:26,189.4
3986,98,85,2008-01-13 19:10:05,170.46
483,173,63,2008-01-30 16:14:04,1051.51
4621,19,92,2007-06-30 23:13:06,78.97
4754,161,50,2008-04-17 11:41:03,1042.39
1158,42,67,2007-12-27 5:22:12,198.83
3737,119,95,2008-05-15 14:53:25,133.76
4598,57,1,2007-11-23 0:36:34,70.69
4792,149,69,2007-12-19 17:23:07,155.89
4143,171,23,2008-04-10 10:53:06,153.2
1707,22,50,2007-05-07 4:53:09,112.12
4043,74,31,2008-06-18 2:26:36,1070.81
4975,95,86,2008-03-16 10:10:02,-666.71
1240,132,5,2008-06-22 4:25:24,192.66
1379,108,94,2007-10-30 23:15:38,122.24
1072,79,72,2007-10-30 23:15:38,1070.16
2008,92,83,2008-04-17 21:45:21,138.94
4032,70,55,2008-05-05 18:49:24,2062.95
1009,31,95,2007-05-09 20:22:22,165.91
4031,89,69,2007-08-21 18:09:07,2032.99
4268,73,81,2007-08-10 8:56:22,120.42
3175,45,28,2008-03-24 23:06:05,1058.15
4049,72,12,2007-05-07 4:53:09,1056.76
4679,48,15,2008-06-10 16:13:51,129.75
1780,130,88,2008-06-28 11:49:14,2025.85
780,27,14,2007-12-11 23:50:12,155.28
556,70,70,2008-01-16 3:28:16,161.55
474,81,70,2008-01-18 22:26:33,79.72
1150,46,75,2008-01-11 22:27:17,155.97
392,99,59,2008-02-19 7:50:49,2027.01
1796,52,73,2007-07-11 18:49:28,142.48
4235,135,31,2007-05-05 10:26:21,63.92
2598,97,25,2007-07-12 1:25:41,126.51
1081,20,81,2007-10-25 7:38:04,1053.18
4214,111,82,2008-05-13 2:22:21,165.98
2582,33,19,2007-10-05 3:47:21,107.94
2415,41,88,2007-11-07 0:25:47,-627.79
4151,159,79,2007-06-18 3:26:21,10070.07
1990,161,13,2008-04-24 21:09:58,10061.59
1593,95,29,2007-07-05 8:17:37,150.9
430,100,64,2008-06-11 8:20:48,147.9
4329,166,12,2008-05-29 22:33:33,158.22
3191,155,82,2008-02-08 12:05:38,-663.04
4064,138,47,2007-05-20 23:14:00,100.41
3536,176,99,2007-06-26 0:14:54,1069.89
2060,68,94,2008-01-06 15:35:07,157.9
2896,78,47,2007-05-14 7:07:56,1051.29
2592,148,43,2007-11-24 14:39:44,54.69
2937,137,65,2008-01-06 16:32:25,2088.49
4705,116,58,2007-11-08 22:49:21,156.92
2770,133,95,2007-12-09 0:46:16,186.4
1476,177,83,2008-05-25 15:55:22,144.8
4514,29,27,2008-03-20 10:03:45,-632.47
2054,144,17,2007-12-14 21:04:17,1055.78
224,80,93,2007-12-09 0:46:16,189.08
3075,173,95,2008-04-17 14:53:42,146.88
3672,56,81,2008-05-19 15:55:37,158.95
512,150,22,2007-06-07 9:33:28,2068.01
1735,36,59,2008-01-04 12:06:09,10039.07
840,146,86,2007-05-15 0:49:44,158.52
3051,165,36,2007-12-31 6:49:39,1076.97
741,97,94,2007-05-01 23:14:02,43.56
3872,73,65,2007-12-02 23:43:44,2037.48
1707,142,79,2008-01-08 5:20:44,-609.05
3768,79,6,2008-01-11 22:27:17,10033.82
331,135,33,2008-01-18 7:40:46,157.36
2293,40,34,2007-07-19 2:59:31,10046.33
4911,45,79,2007-11-19 21:36:37,2050.7
3201,151,30,2007-12-04 1:06:54,2093.13
1296,105,3,2007-06-10 17:03:25,1016.7
3307,63,77,2008-04-26 9:03:21,1076.23
2586,2,9,2007-11-03 4:06:20,10065.59
4901,79,96,2007-08-08 3:35:37,116.26
1771,32,43,2007-06-25 7:34:56,115.59
4592,91,98,2007-06-12 3:53:21,166.21
4686,169,20,2007-08-14 17:38:07,-674.4
3897,13,32,2007-05-23 22:13:16,2084.45
2346,29,2,2007-07-10 21:31:59,10063.26
1308,18,32,2007-06-09 21:10:22,1087.18
1877,83,43,2007-06-05 22:15:08,35.56
3535,60,100,2007-06-20 12:13:51,-596.0
4885,145,64,2008-04-20 13:34:15,169.42
1173,54,50,2007-12-10 15:53:53,1038.04
43,63,57,2007-05-06 10:58:22,163.75
2985,98,45,2007-10-24 1:08:58,2057.34
489,42,1,2008-05-20 9:38:42,149.76
2010,5,83,2008-06-03 19:03:00,10044.89
3971,159,2,2008-02-04 5:46:26,119.34
2729,93,88,2007-12-14 21:04:17,2064.02
3545,88,10,2007-10-04 11:09:45,1066.66
2916,141,78,2007-05-13 5:13:03,-620.68
596,52,66,2008-02-08 20:00:45,-610.17
3676,173,40,2007-05-31 1:28:04,-611.26
406,174,85,2008-03-11 20:03:58,10048.36
469,66,80,2007-12-06 21:34:06,108.11
3892,96,18,2007-05-31 8:44:12,184.33
4011,138,65,2007-11-29 4:41:50,2040.33
4326,98,12,2007-07-06 4:07:50,2047.44
4333,162,82,2008-06-06 19:31:48,148.1
4156,74,69,2007-11-07 19:44:50,118.93
1546,86,33,2008-01-15 19:50:44,146.43
2721,6,23,2008-05-23 10:06:59,2061.26
2200,72,63,2007-11-29 15:51:45,10063.67
3948,115,2,2008-01-18 13:11:14,135.2
3110,36,5,2007-08-16 9:28:14,1050.33
3697,14,4,2008-01-31 18:50:38,2071.89
2276,62,41,2007-12-11 23:50:12,1079.75
1387,144,60,2007-05-05 0:14:17,160.82
1493,66,29,2007-12-13 11:31:17,2089.51
1042,166,21,2008-03-29 0:56:50,1075.2
2391,25,41,2007-08-18 4:05:05,35.24
3872,161,11,2007-12-21 0:06:27,1056.32
4540,17,38,2008-05-09 9:14:31,2079.91
581,174,25,2008-01-14 15:06:15,142.31
3404,10,62,2008-03-25 2:07:43,136.58
1540,100,17,2007-12-13 3:50:35,138.74
274,62,55,2007-05-13 21:40:39,-639.28
856,62,21,2007-08-07 21:38:36,-662.11
764,53,77,2007-10-16 1:03:04,83.93
4922,37,36,2008-01-09 8:34:05,76.09
1326,145,84,2008-01-27 18:06:04,160.29
2575,175,67,2007-06-01 4:40:51,129.91
1980,132,74,2007-06-23 15:41:31,185.96
363,63,66,2008-03-28 3:53:10,-626.06
1547,26,10,2007-06-03 20:23:21,128.24
4210,134,55,2007-10-23 10:59:50,10080.08
4270,116,77,2008-01-06 15:35:07,2039.57
4695,54,68,2007-07-16 7:59:42,147.65
2387,16,13,2007-08-01 3:20:11,139.98
375,16,57,2007-12-15 1:46:11,149.12
837,174,28,2007-11-03 14:50:49,86.33
2569,35,6,2008-03-23 12:57:07,1060.79
1534,72,99,2007-10-03 9:01:24,1036.05
347,136,80,2008-06-04 0:29:45,139.68
1091,33,37,2008-01-17 9:28:52,10045.53
638,52,1,2008-02-14 1:58:09,82.17
1332,58,70,2007-12-14 14:14:13,139.75
1229,8,82,2008-06-18 5:31:44,61.39
4589,160,27,2008-03-28 10:18:33,1088.44
2444,159,43,2007-05-06 10:58:22,77.26
4712,35,35,2007-12-28 8:38:58,138.71
3720,53,88,2007-06-09 7:06:13,1084.1
654,73,8,2007-06-01 12:33:25,10044.94
1493,172,76,2008-04-30 13:16:52,152.82
1711,174,5,2008-01-23 23:15:50,88.21
3444,149,66,2007-12-22 16:17:29,10034.44
431,130,6,2007-05-25 13:59:51,10053.8
2498,165,70,2007-12-16 20:17:19,1035.13
184,121,16,2007-12-19 5:49:15,2086.88
2075,32,52,2008-03-26 18:22:32,42.43
600,168,80,2007-07-21 21:07:44,134.24
2164,85,77,2007-11-15 16:25:29,152.89
4970,164,90,2008-02-20 8:32:03,166.81
265,74,68,2007-07-21 13:22:14,1056.65
3093,111,18,2008-03-10 22:49:37,10019.43
1240,127,97,2007-06-30 23:56:46,2025.89
604,111,22,2008-06-13 8:03:11,1067.79
3511,176,34,2007-08-01 3:15:42,1095.45
2938,49,92,2007-07-18 22:04:00,10030.67
3747,139,35,2007-10-11 3:14:00,-648.64
3643,65,6,2007-05-24 20:47:40,-658.78
2662,160,63,2007-05-17 7:07:29,-638.54
1794,72,7,2007-06-30 23:13:06,180.04
2457,103,21,2008-02-25 2:24:28,154.59
1823,149,88,2007-12-05 18:26:16,184.05
2702,38,1,2008-04-23 17:59:18,137.04
2820,177,20,2007-12-16 22:59:30,1085.02
1708,171,8,2007-11-23 0:36:34,1068.86
3543,160,46,2007-05-29 6:55:31,66.09
1846,34,26,2008-05-02 18:45:00,10052.42
3273,52,78,2007-10-29 13:53:53,41.68
4599,148,80,2008-06-11 14:41:43,-608.45
2635,145,39,2008-02-26 4:57:57,1028.58
2709,162,98,2008-04-25 3:59:32,119.1
4654,53,8,2007-11-08 15:45:20,199.88
1450,51,25,2008-04-30 16:52:53,10097.93
4978,108,66,2008-05-23 10:06:59,174.17
3542,120,29,2007-05-31 1:28:04,179.03
1226,136,83,2008-03-24 17:28:25,-631.03
154,130,52,2008-01-29 15:02:18,1078.95
277,10,2,2007-07-17 11:55:51,161.67
48,108,85,2007-07-21 13:22:14,1079.59
1519,59,27,2007-10-25 8:36:46,-671.56
1758,97,26,2008-04-03 22:04:42,1063.5
4254,50,60,2007-06-12 15:13:03,1054.45
2339,75,9,2008-02-18 23:53:14,10073.76
3736,2,91,2008-05-06 6:52:04,43.12
1096,58,71,2008-04-10 12:04:24,174.1
3564,153,22,2007-07-14 5:21:00,-617.32
1949,7,35,2007-05-20 18:30:19,-644.4
66,116,92,2007-05-03 4:28:36,10045.82
2857,41,35,2007-05-20 11:20:10,10077.11
2987,52,66,2007-06-23 13:29:45,1020.93
649,14,87,2007-05-01 23:14:02,101.3
1528,118,7,2007-07-05 20:13:32,108.91
2793,68,74,2008-03-21 13:26:11,184.08
1827,112,63,2007-06-04 15:23:32,1071.36
982,167,46,2008-06-11 20:09:12,2023.51
4390,9,76,2007-10-01 0:57:11,70.69
2070,60,42,2007-11-26 13:20:24,1046.22
4005,113,21,2007-06-30 8:47:44,1079.43
3101,53,39,2008-04-05 17:27:37,10049.12
1123,154,66,2007-12-10 22:03:05,1074.06
4985,169,17,2007-12-12 17:31:32,10024.92
4022,156,52,2007-12-09 19:40:43,1073.49
3464,20,26,2007-06-17 12:52:20,153.19
3563,53,74,2007-05-15 5:45:35,135.22
1323,11,90,2008-01-27 13:17:10,1082.79
3833,18,14,2008-04-12 12:34:40,61.58
3393,104,43,2007-05-17 4:07:19,-672.31
3238,129,8,2007-05-27 20:24:22,1068.78
4683,35,9,2008-05-27 1:02:08,142.74
3673,109,6,2008-03-16 14:16:23,138.89
4340,50,41,2008-01-26 12:52:50,1056.42
3783,135,36,2007-07-03 15:59:16,1067.47
1972,109,78,2008-01-10 15:51:25,-655.78
3065,123,7,2008-03-18 23:11:57,86.95
1920,127,53,2007-10-23 2:58:49,177.4
2996,130,5,2007-07-11 18:49:28,1026.17
2113,110,51,2008-03-26 18:22:32,155.11
1539,116,60,2007-11-17 11:34:02,68.15
2448,120,37,2007-08-13 22:20:49,2057.04
2360,141,62,2007-06-12 1:12:33,47.87
3710,149,43,2008-03-15 10:28:15,164.07
2108,128,35,2007-07-29 13:47:47,2092.79
3729,19,81,2007-10-29 13:53:53,10026.53
4794,150,22,2007-08-03 8:49:37,2046.33
2071,142,100,2007-08-21 18:09:07,1055.52
4139,20,56,2007-06-05 0:52:21,66.47
1355,38,81,2008-01-30 11:15:04,1087.19
1984,77,21,2007-07-16 5:28:49,1078.39
511,84,72,2008-06-22 4:25:24,10027.78
1096,29,95,2008-06-17 5:11:35,-648.41
2588,172,91,2008-01-16 3:28:16,1038.09
899,16,2,2008-01-18 23:42:52,2071.35
4285,33,60,2007-12-09 19:40:43,197.5
2551,28,100,2008-06-09 20:14:01,1060.99
2186,130,88,2007-11-19 21:36:37,49.73
4987,141,40,2008-06-13 12:43:52,10023.48
2889,28,60,2008-05-15 3:58:26,176.27
3977,40,84,2007-12-24 16:28:30,10066.79
3240,1,24,2008-01-15 19:50:44,2028.56
4117,3,17,2007-07-29 13:47:47,-668.21
2673,122,100,2007-12-05 18:26:16,10046.74
2108,118,73,2007-06-01 6:50:39,-648.9
1114,135,8,2008-01-11 22:06:07,124.07
3554,28,82,2007-11-09 7:02:45,120.97
1924,107,16,2007-12-19 5:49:15,1080.25
3046,49,47,2008-04-06 8:59:43,60.18
125,160,11,2008-04-23 7:28:22,1087.43
1098,73,41,2007-12-21 13:57:45,10035.23
4585,11,43,2008-02-12 4:00:47,117.98
4898,83,46,2008-02-04 0:03:40,82.15
456,102,9,2008-05-20 0:45:08,36.9
3091,126,5,2007-06-30 23:13:06,2090.6
1816,82,72,2007-11-06 2:33:15,149.17
1444,77,50,2007-10-18 9:06:59,180.14
2127,6,51,2007-11-26 13:20:24,162.51
4130,163,17,2007-10-16 1:03:04,1080.17
2412,40,66,2008-05-24 20:02:10,48.12
3209,47,59,2008-03-10 10:37:02,10060.23
3527,130,79,2007-10-28 3:28:48,10098.24
2210,62,64,2007-11-23 3:51:16,99.1
3949,144,72,2007-06-07 9:33:28,124.55
2399,108,91,2007-11-10 7:00:10,-601.34
4152,15,57,2007-05-28 21:43:45,179.89
490,113,28,2007-08-08 17:47:59,10092.41
1161,35,16,2007-12-05 18:26:16,1082.3
3311,84,52,2008-06-20 0:45:14,10074.55
4697,39,16,2008-02-13 8:21:05,1061.5
4032,14,12,2007-10-02 1:48:50,1081.61
1695,67,21,2007-06-22 19:45:09,188.15
217,136,92,2008-02-18 3:49:42,158.28
2581,76,89,2007-10-27 2:39:21,146.4
4689,146,4,2007-12-24 16:28:30,10026.58
1866,30,27,2008-04-13 5:26:58,186.02
228,82,48,2008-01-17 9:28:52,1120.06
2319,162,98,2008-04-17 14:53:42,1064.77
4766,154,97,2007-07-03 2:08:34,1109.09
1463,135,25,2007-06-20 12:13:51,1074.61
4300,109,68,2008-02-25 2:24:28,10059.69
2899,97,40,2007-08-04 20:10:36,50.51
195,28,13,2007-07-31 21:17:07,2085.32
1957,153,1,2008-01-30 10:29:25,133.73
384,6,42,2008-01-26 19:59:02,1096.29
3449,5,52,2008-04-20 21:45:26,81.36
1781,11,74,2007-11-10 6:35:31,10056.49
1716,83,71,2007-06-23 13:29:45,-642.92
3705,19,48,2007-11-13 5:27:58,2056.46
4058,146,41,2007-11-18 13:44:04,64.72
3455,57,26,2007-11-20 19:06:04,1109.79
4922,62,69,2007-12-28 8:38:58,43.66
270,20,44,2007-06-01 6:50:39,163.99
545,124,43,2007-11-14 6:12:32,1112.78
4612,102,65,2007-05-22 19:16:03,170.55
2951,68,4,2007-11-23 3:51:16,1075.25
1028,70,85,2008-01-29 18:59:16,175.8
363,84,85,2007-07-06 4:07:50,143.23
4320,147,51,2008-06-23 15:48:18,1066.05
2914,138,69,2007-05-09 20:22:22,-662.94
538,164,65,2008-04-19 6:52:58,145.38
1562,168,69,2008-04-06 22:49:36,131.83
3621,116,56,2007-11-18 13:44:04,74.0
2884,173,16,2007-10-07 0:56:05,172.87
610,21,98,2008-06-06 20:08:14,10021.24
2946,77,9,2007-08-01 3:15:42,1110.98
3178,53,75,2008-01-06 13:16:15,163.57
2134,155,87,2007-12-22 16:17:29,163.49
1148,37,61,2007-11-18 17:39:47,140.54
1119,104,41,2008-05-13 2:22:21,1050.18
2259,140,95,2007-10-20 4:49:56,-682.63
2314,93,44,2007-07-21 13:22:14,85.11
2349,38,25,2007-12-27 5:22:12,113.38
4111,85,77,2008-04-10 12:04:24,2091.03
1401,110,58,2007-10-08 15:59:07,158.61
2118,9,64,2008-06-02 5:48:09,1082.57
4474,34,70,2007-08-29 11:44:09,171.24
1673,159,64,2008-02-18 3:49:42,10039.5
147,12,30,2008-05-30 10:15:31,1047.44
3424,173,50,2008-01-04 6:32:49,160.6
3644,102,86,2007-10-27 2:39:21,52.05
4125,172,40,2007-06-27 15:27:33,175.96
2917,138,76,2008-03-03 19:17:41,146.17
1294,82,53,2007-05-06 11:10:24,1079.04
4517,64,1,2008-01-28 7:06:49,1064.57
4863,14,53,2007-12-24 12:25:28,-660.62
421,34,28,2008-03-14 20:43:54,142.5
3496,53,24,2007-07-31 2:12:14,1106.13
3217,47,67,2008-01-03 20:45:43,1043.88
1226,151,84,2007-10-27 2:39:21,2053.31
1015,39,96,2008-01-10 14:02:34,10033.18
2410,86,79,2008-01-23 15:07:52,133.01
1607,61,59,2007-06-14 1:02:50,10045.93
4458,145,58,2007-12-19 9:24:45,76.24
1064,135,23,2008-01-28 2:37:49,-628.54
3271,91,35,2007-11-30 6:46:27,135.33
1857,29,96,2007-05-15 12:35:27,157.93
1927,160,75,2008-06-06 19:31:48,150.97
680,2,39,2008-06-06 20:08:14,-661.21
2708,54,53,2007-08-18 17:22:55,1074.12
3248,60,30,2008-04-06 11:54:47,47.01
3582,87,89,2007-07-05 20:13:32,2076.35
1159,120,18,2008-06-08 12:22:38,170.43
460,110,30,2008-02-12 10:28:30,-616.52
1346,27,62,2007-06-05 11:09:49,1014.82
4896,63,81,2008-04-14 7:26:31,124.06
3078,43,57,2007-07-21 21:40:35,2013.58
4951,121,17,2007-11-24 10:21:49,1128.75
2998,166,48,2008-04-26 9:28:41,147.71
145,149,35,2008-03-28 10:18:33,10026.22
4294,123,24,2007-05-05 10:26:21,10097.12
136,39,32,2007-11-13 5:27:58,1085.64
4075,52,96,2007-07-14 1:29:26,1056.2
2978,68,16,2007-12-09 0:46:16,10054.36
4992,67,32,2007-10-02 1:48:50,10026.3
1672,9,43,2007-06-03 17:20:48,62.97
531,52,6,2008-01-07 5:22:14,126.02
648,23,43,2007-06-27 15:27:33,2045.29
2564,99,5,2008-01-23 5:06:44,145.91
4983,87,12,2008-03-26 14:06:37,10052.55
2147,109,20,2007-06-20 3:55:15,2070.56
4150,3,37,2007-08-24 15:24:52,2037.76
2309,87,81,2008-01-08 16:34:07,1091.18
1246,90,2,2007-11-24 20:44:12,164.27
2267,176,13,2008-05-15 3:58:26,152.55
3802,21,7,2007-07-31 21:17:07,1076.66
873,32,87,2008-05-10 5:32:20,1070.24
4665,149,29,2008-01-27 3:55:06,76.12
953,67,26,2008-05-09 10:01:21,10047.73
3455,96,96,2007-05-05 0:14:17,-648.48
2887,111,11,2008-05-20 9:38:42,10050.37
666,67,73,2008-04-16 8:37:35,1052.27
3228,6,90,2007-07-21 21:32:38,1060.47
1614,67,57,2008-04-05 13:03:10,79.27
2504,139,16,2007-05-06 9:37:45,1091.26
4785,76,54,2008-04-06 14:13:01,40.96
3524,3,53,2008-01-06 16:32:25,1084.27
4239,81,18,2008-04-16 12:31:53,1100.97
375,130,67,2008-05-30 6:04:58,2051.66
1122,67,74,2008-03-26 15:24:41,50.03
2000,141,48,2007-07-17 12:33:24,-651.25
1895,139,63,2007-10-23 2:58:49,56.18
3158,5,96,2008-01-20 14:51:24,154.67
2172,45,30,2008-04-26 9:03:21,1096.02
3145,19,62,2008-06-05 12:57:22,1046.91
3213,86,74,2007-07-20 16:19:02,165.11
1830,152,68,2008-06-03 19:03:00,105.51
3749,107,20,2007-10-04 20:48:21,172.42
1956,166,15,2008-06-08 12:22:38,139.75
2339,32,99,2007-08-18 17:22:55,2065.86
1913,93,43,2007-06-20 12:13:51,171.97
4497,120,35,2008-01-22 18:33:55,1043.03
3034,6,29,2007-06-01 6:50:39,1090.33
160,45,44,2008-03-20 16:43:52,-629.84
3209,102,21,2008-04-13 5:26:58,10088.04
4167,149,36,2007-06-01 6:50:39,2032.47
3136,96,92,2007-12-20 22:49:41,156.67
2615,103,26,2008-05-09 10:01:21,10045.53
3829,43,18,2007-07-30 9:29:11,-641.77
3450,77,45,2008-04-06 14:13:01,1072.07
3079,38,16,2008-05-09 0:03:40,1072.21
4329,108,20,2008-04-09 16:35:01,101.53
3060,152,47,2008-03-22 1:15:53,45.95
660,163,3,2007-10-03 11:59:15,190.81
411,175,45,2008-06-25 20:00:39,2097.35
2140,74,82,2007-11-28 6:30:44,-637.94
130,123,45,2007-11-23 0:36:34,155.93
1955,101,18,2008-02-16 1:02:59,2047.03
4914,17,78,2008-04-26 10:28:29,118.04
823,136,63,2007-11-25 1:42:43,150.22
1009,150,92,2008-01-28 15:12:26,157.64
2124,15,87,2007-05-06 0:45:52,1063.02
4853,66,86,2008-01-23 15:07:52,65.3
2469,110,98,2008-04-18 4:07:04,85.5
3196,172,17,2008-04-08 19:52:22,1068.61
2181,153,42,2007-06-07 9:33:28,1075.64
2855,39,19,2007-12-20 12:23:00,1094.08
1525,112,38,2007-06-01 12:33:25,83.51
3860,36,66,2008-05-12 8:15:21,-655.83
3131,123,3,2008-01-25 7:33:01,177.63
1429,74,79,2007-06-07 9:33:28,110.22
4458,117,82,2008-01-26 20:42:30,44.49
4797,164,37,2007-10-22 15:20:23,92.55
2324,109,20,2007-06-20 3:55:15,-661.52
4462,16,13,2007-08-07 21:38:36,1111.95
1368,10,84,2007-05-25 13:59:51,31.29
3404,10,55,2008-01-30 10:29:25,1030.54
4739,115,99,2007-12-09 0:46:16,1078.19
2434,44,90,2008-01-10 15:51:25,1103.32
1651,134,21,2008-01-28 2:37:49,-598.96
2301,22,71,2008-02-17 23:29:54,64.2
1404,163,92,2008-01-22 18:33:55,172.9
747,121,40,2007-07-17 8:27:55,-639.16
1994,165,76,2008-06-26 5:43:30,106.8
1254,119,9,2007-10-23 15:30:10,10089.18
899,60,59,2008-06-08 12:22:38,143.49
2290,79,53,2007-05-31 22:45:27,48.89
2545,152,11,2007-11-26 13:20:24,1120.47
3796,75,90,2007-12-14 14:14:13,111.86
2561,140,4,2008-03-19 10:52:31,1070.87
2296,137,10,2008-01-10 11:30:51,1037.45
1117,47,21,2007-05-19 3:13:40,2052.77
2305,69,72,2008-04-10 10:53:06,135.03
1574,16,85,2008-02-26 23:20:58,1077.88
624,37,29,2007-08-06 5:12:05,10076.18
672,33,11,2007-12-17 8:22:06,-623.54
4330,24,34,2007-05-31 8:32:19,97.18
1590,126,82,2007-10-26 17:35:49,117.31
3828,77,81,2007-07-10 7:57:53,1092.04
2116,119,64,2007-06-23 17:27:00,10054.64
4631,81,33,2008-02-08 2:54:29,155.61
4937,54,74,2007-08-10 9:59:07,98.1
1752,115,86,2008-04-09 16:38:33,2085.41
2671,67,78,2007-05-01 23:14:02,120.35
1750,51,24,2007-05-09 20:22:22,110.11
3707,98,67,2008-03-24 13:27:34,10030.94
961,74,85,2007-06-01 11:55:15,143.65
4684,7,2,2008-01-09 8:34:05,2059.04
4925,136,2,2007-06-20 17:24:32,-604.97
2266,159,18,2007-05-31 22:45:27,10035.49
4977,80,6,2008-03-21 23:45:10,1080.01
767,103,24,2007-10-08 15:59:07,185.72
1814,73,7,2007-10-01 17:13:22,1082.0
2778,154,25,2007-07-11 18:49:28,126.62
4198,46,13,2008-02-19 4:25:28,1062.98
3570,24,50,2007-05-15 12:17:00,1039.16
4790,123,39,2007-06-30 8:47:44,1065.68
379,105,96,2007-12-25 20:29:33,150.33
1334,79,24,2008-06-21 4:16:34,129.51
2351,169,11,2008-03-25 17:57:21,1079.37
3564,133,15,2007-11-29 0:20:44,182.97
3506,7,39,2008-06-02 7:16:14,1066.75
1410,42,43,2007-07-05 20:13:32,178.14
3716,87,84,2007-05-15 3:04:49,1114.53
4481,81,97,2007-12-21 13:27:11,2083.75
2754,49,28,2007-11-21 0:25:22,1077.59
3688,150,35,2007-07-06 10:15:26,1108.22
567,84,83,2008-02-17 15:19:37,141.32
2141,175,57,2008-02-29 23:20:50,1080.21
3307,140,29,2007-10-30 23:15:38,-636.64
1334,114,91,2008-01-16 3:28:16,151.49
1343,156,66,2008-05-16 12:50:30,2069.8
1917,137,53,2008-05-20 9:38:42,10086.93
1661,73,12,2008-03-30 16:48:24,1073.87
3323,34,28,2007-12-14 0:46:25,157.2
1093,8,70,2007-07-06 20:47:24,154.54
2522,144,91,2007-12-15 1:46:11,144.14
1866,175,80,2007-10-08 23:19:47,39.91
1845,175,29,2007-07-19 19:43:21,177.86
1786,24,32,2007-11-30 6:46:27,1068.53
1061,125,36,2008-01-23 5:06:44,202.58
4956,46,59,2007-12-30 0:40:33,1036.59
2415,44,44,2007-06-10 17:49:14,1075.4
1543,38,45,2008-04-09 16:38:33,1072.21
3864,148,38,2008-03-01 4:50:15,2059.44
2620,151,65,2008-03-26 5:27:10,1043.44
3046,169,2,2007-11-13 5:27:58,154.34
1128,27,79,2008-06-05 5:31:13,26.97
4980,168,78,2008-04-12 12:34:40,-632.32
2366,67,10,2007-07-16 7:59:42,1084.4
3037,66,55,2007-05-29 19:39:11,1090.5
1158,14,9,2007-08-07 21:38:36,-600.19
433,150,41,2007-08-14 9:05:33,10053.57
1641,152,91,2007-11-20 22:00:13,10054.52
1416,68,33,2007-05-21 22:46:32,-647.66
4932,65,8,2007-06-23 15:41:31,10094.51
183,171,51,2008-03-24 23:06:05,-625.11
2407,113,98,2008-02-02 7:35:12,-632.29
4592,33,7,2007-06-01 11:55:15,2060.63
4719,19,25,2008-04-10 12:04:24,92.47
1308,55,66,2007-08-06 5:12:05,151.66
663,12,1,2008-04-20 22:24:11,10059.49
2555,105,99,2007-07-23 4:53:05,186.05
3624,7,82,2008-04-21 0:30:53,1023.03
61,134,56,2007-12-22 19:20:20,2063.21
2275,142,63,2007-12-29 16:10:08,-632.12
2810,77,93,2008-02-26 23:20:58,207.89
852,12,40,2008-05-12 10:01:40,10058.49
2329,105,14,2007-07-30 9:29:11,2102.74
2255,114,20,2007-06-20 12:13:51,1078.91
1293,119,14,2008-02-29 4:54:22,1030.32
332,177,26,2007-11-25 1:42:43,-645.9
1514,23,89,2008-05-29 13:56:58,-614.33
4347,44,70,2007-12-01 6:47:37,156.56
4721,81,33,2007-06-05 9:37:57,170.12
1156,29,56,2007-06-22 6:27:54,101.98
4985,63,92,2008-01-03 21:31:30,1091.19
1351,127,29,2007-11-28 0:26:14,1077.33
4174,124,64,2007-10-30 11:44:28,1051.25
3222,168,70,2007-05-09 20:22:22,157.2
99,133,94,2007-07-12 16:29:02,130.29
4127,102,71,2008-06-01 18:28:27,93.59
224,125,81,2007-07-18 18:12:52,68.63
2825,28,46,2007-07-04 17:07:24,137.75
3214,18,40,2008-01-05 21:06:15,2081.71
3652,168,87,2007-10-05 7:21:04,10026.75
595,1,69,2007-07-31 2:12:14,1124.41
636,43,12,2007-07-24 16:51:03,1085.32
274,66,70,2007-06-17 12:52:20,109.45
779,9,4,2007-11-26 13:20:24,2025.95
2168,7,87,2007-11-26 13:20:24,124.13
3698,8,20,2007-10-30 23:15:38,128.1
302,143,36,2007-06-04 15:23:32,-651.05
2624,74,56,2008-04-10 21:32:37,2102.61
111,144,60,2007-07-29 13:47:47,2022.2
3592,143,52,2008-05-09 10:01:21,10046.7
3576,1,11,2007-06-22 19:45:09,1018.11
2586,24,31,2008-05-12 23:02:49,1086.52
3079,168,83,2007-11-22 10:11:25,1061.9
4898,98,90,2008-04-25 3:59:32,-628.19
4361,16,22,2008-02-09 9:16:52,-622.88
3078,121,92,2007-10-18 13:45:07,1081.5
4683,7,22,2007-12-04 1:06:54,116.83
1429,133,27,2008-03-06 17:47:40,2057.69
3814,170,78,2007-12-10 15:53:53,1093.54
969,106,56,2007-10-29 16:26:45,2079.08
2929,151,75,2008-05-31 12:00:45,1056.74
2502,104,96,2008-06-18 5:31:44,2057.9
2072,74,9,2008-02-14 0:24:38,-678.03
587,27,97,2008-04-26 9:03:21,156.12
880,174,11,2008-06-04 0:29:45,168.54
2664,99,48,2008-02-20 21:26:05,1036.85
4611,167,42,2007-08-20 22:08:17,10013.23
2911,172,70,2008-06-12 14:41:52,1046.11
3597,6,54,2008-05-30 6:32:01,2053.2
906,56,73,2007-11-11 15:12:09,168.32
1663,40,66,2008-04-09 21:51:10,10043.51
2201,11,59,2007-08-10 9:59:07,1075.48
3316,40,65,2007-12-29 16:10:08,10038.58
4350,35,7,2007-10-20 4:49:56,10088.14
867,126,43,2008-01-11 15:16:37,1100.21
2915,48,18,2007-10-15 9:23:54,10093.87
1900,173,57,2007-05-31 21:42:49,2072.92
1820,97,92,2007-11-20 22:00:13,-624.19
2329,7,100,2008-06-23 22:54:32,160.55
229,138,20,2007-05-07 17:46:15,162.8
1827,165,65,2007-05-08 13:26:18,123.4
4497,69,27,2008-03-24 17:28:25,2032.89
1994,169,56,2007-05-20 11:20:10,-670.81
1842,52,92,2007-06-30 13:04:06,2069.0
4369,31,53,2007-06-24 2:29:05,1026.03
4060,107,93,2007-12-12 10:49:28,2034.04
3535,151,79,2007-07-02 5:34:35,1065.53
2052,38,48,2008-06-25 4:38:45,-636.8
1173,74,7,2008-04-17 11:41:03,2093.76
3347,149,54,2007-12-30 0:40:33,1033.74
979,72,62,2007-12-02 14:39:04,193.6
1266,161,74,2007-05-15 12:17:00,103.21
3126,105,21,2007-11-08 22:49:21,-673.22
568,160,95,2008-04-27 8:23:07,2028.75
3940,87,57,2007-08-21 22:04:16,167.01
220,82,1,2007-10-04 18:12:59,167.49
3270,119,98,2008-03-14 18:09:46,2073.28
554,52,25,2007-06-09 2:34:24,10037.69
4639,56,49,2007-05-03 10:29:01,49.7
3181,33,2,2007-08-05 13:32:56,111.77
3539,62,50,2007-06-01 4:40:51,160.58
333,137,54,2008-01-18 23:42:52,67.95
861,109,100,2008-04-10 5:41:12,119.23
3311,15,12,2008-02-21 23:54:43,86.28
3236,26,85,2008-05-01 11:27:03,10045.44
1583,110,50,2008-01-19 13:36:45,-619.99
1613,148,16,2008-02-02 22:31:47,10054.92
1201,38,39,2008-04-09 16:35:01,1054.12
538,74,84,2007-05-15 8:47:51,141.21
4147,70,97,2007-08-01 18:36:24,1103.66
2520,105,25,2008-01-09 8:34:05,155.61
4300,104,33,2007-07-27 23:21:09,1056.84
1753,19,88,2007-11-17 1:57:32,106.98
2859,62,4,2007-07-20 5:49:16,2058.64
963,163,38,2007-10-04 5:47:07,1031.54
591,167,37,2008-03-14 18:09:46,1090.82
1723,51,81,2008-03-14 6:47:02,1091.12
4358,152,66,2007-06-30 16:22:32,125.63
1501,91,2,2007-07-06 19:23:01,112.35
4416,176,19,2008-02-17 23:29:54,45.77
2536,33,78,2008-04-15 0:05:58,122.81
1483,51,19,2007-05-09 20:22:22,158.54
427,148,15,2008-03-10 10:37:02,169.43
765,94,56,2007-12-14 1:30:56,2085.87
1687,164,66,2008-01-28 15:12:26,1075.24
53,111,39,2007-12-19 9:24:45,1066.91
4148,156,79,2008-01-18 13:11:14,2053.43
1738,111,36,2007-12-05 18:26:16,10049.15
4908,25,37,2008-03-22 1:15:53,161.15
1558,48,97,2008-01-03 2:38:44,10047.35
4692,53,26,2007-11-26 13:20:24,1061.09
95,157,71,2008-01-13 3:11:48,1024.43
3170,100,97,2007-06-01 13:18:05,1088.02
353,177,7,2008-01-27 21:17:35,1087.92
1841,163,26,2008-03-26 5:27:10,104.25
6,73,18,2008-05-14 9:47:29,135.1
2764,144,85,2008-04-06 11:54:47,166.37
427,4,16,2007-11-06 11:38:46,132.09
236,162,42,2008-03-14 22:24:51,1060.72
4160,78,71,2008-04-09 16:38:33,10040.1
1957,170,75,2007-06-30 8:47:44,131.26
4735,64,41,2008-05-13 2:22:21,2080.68
1378,86,19,2007-11-20 19:06:04,147.37
4386,78,28,2007-05-18 14:32:29,120.65
2438,138,64,2007-07-03 15:59:16,1058.52
4371,135,85,2008-01-16 3:27:15,171.6
4596,77,84,2008-03-06 17:47:40,139.86
4785,64,37,2008-01-23 15:07:52,69.73
3660,62,59,2008-05-14 9:47:29,91.16
561,41,69,2007-08-14 23:16:46,145.46
2897,172,93,2008-04-14 21:50:27,146.22
2197,79,74,2007-10-24 1:08:58,-685.31
3243,60,6,2008-03-22 1:15:53,2061.87
4583,17,64,2008-02-20 16:40:00,1038.0
4136,162,31,2007-06-20 3:55:15,1120.91
3495,123,58,2007-06-01 12:33:25,10052.9
1770,33,75,2008-02-16 1:02:59,111.16
4242,81,42,2007-08-07 1:40:33,117.83
63,129,57,2007-07-29 13:47:47,1072.71
2803,102,97,2007-10-18 22:49:15,135.24
706,118,38,2007-12-27 20:26:52,1052.51
438,22,66,2008-04-24 4:59:48,10058.33
640,161,94,2008-04-24 21:09:58,2060.81
4238,40,14,2008-01-30 10:29:25,118.87
2641,44,30,2007-07-16 5:28:49,10075.67
3711,24,65,2007-07-17 11:55:51,2061.59
3471,163,34,2007-06-22 6:27:54,-656.51
2194,96,38,2007-05-15 1:29:42,108.77
3765,63,85,2007-05-22 11:05:25,70.34
3394,10,6,2007-10-30 23:15:38,160.88
3320,37,39,2008-05-22 20:07:24,1070.87
1494,170,37,2007-05-21 14:32:00,1069.86
4280,168,64,2007-07-06 10:15:26,145.6
1127,163,24,2007-07-17 12:33:24,1073.18
4466,145,64,2007-06-02 6:58:10,1085.97
3969,176,31,2008-02-04 0:03:40,149.66
3446,121,91,2007-07-16 5:28:49,10051.42
1056,107,57,2008-01-28 15:12:26,-633.03
4072,142,4,2007-10-04 5:47:07,1064.69
1137,90,35,2007-11-07 0:25:47,-631.8
2104,129,9,2008-02-25 2:24:28,112.13
998,172,28,2008-05-24 13:53:33,108.68
2853,159,7,2007-06-11 7:08:00,1102.23
4723,152,99,2008-02-02 14:05:02,169.11
1793,46,57,2008-01-18 22:26:33,1058.33
2201,163,26,2007-05-02 6:22:11,161.93
55,175,51,2007-07-31 22:20:29,133.52
2656,163,30,2007-11-29 12:43:49,10033.12
1052,168,30,2008-01-21 20:46:25,76.78
127,113,55,2008-04-22 18:50:55,125.24
3181,56,11,2008-06-01 18:28:27,1062.15
3075,134,46,2008-03-10 10:37:02,135.34
1075,175,67,2007-10-14 1:49:00,141.75
4825,8,82,2007-11-27 7:46:09,10062.66
3932,166,53,2007-05-18 13:28:18,1109.81
2603,100,58,2008-01-16 3:27:15,-673.51
4693,124,68,2008-05-04 8:10:09,10068.73
2084,108,62,2007-05-29 6:55:31,-608.36
581,108,37,2007-12-22 19:20:20,-635.52
2811,163,61,2007-05-09 20:22:22,134.98
4521,79,60,2007-07-17 12:04:57,146.71
512,156,69,2007-11-29 4:41:50,10052.36
3346,10,84,2008-03-25 17:57:21,138.51
379,36,15,2008-04-20 4:10:51,131.22
3234,57,23,2008-06-04 0:29:45,96.1
106,38,6,2008-06-06 20:42:57,2025.34
3351,123,69,2008-06-08 8:21:02,163.64
1905,31,84,2008-06-19 10:57:04,10050.37
1131,11,54,2008-04-23 15:19:11,1037.57
4666,57,2,2008-03-24 13:27:34,120.84
2482,162,5,2008-06-01 18:28:27,109.47
3728,65,61,2008-04-20 3:21:49,2078.23
3560,124,26,2007-08-20 22:08:17,130.06
3616,166,87,2007-12-09 0:46:16,10068.04
746,80,33,2008-03-28 10:18:33,150.27
384,156,6,2007-07-06 10:15:26,10049.1
3302,143,48,2008-03-18 12:11:07,146.31
3419,7,31,2007-07-26 8:24:48,116.8
4767,125,19,2007-06-12 15:13:03,2060.15
2536,111,16,2008-05-17 15:41:53,10012.92
715,95,1,2008-03-18 18:40:46,43.69
4777,90,95,2008-03-05 22:47:45,2045.07
688,108,11,2008-02-18 3:49:42,-640.65
1287,162,96,2008-02-06 22:40:46,192.36
2316,40,43,2007-11-07 16:32:00,64.67
4254,175,19,2007-07-29 21:03:22,70.56
2072,72,57,2007-05-31 9:21:46,126.99
822,69,97,2008-01-17 7:26:30,1084.21
1453,30,22,2008-02-05 12:23:59,-648.45
2766,15,42,2008-01-21 10:08:36,1089.04
3347,99,30,2008-01-16 5:11:13,-642.09
205,15,79,2007-08-20 0:34:30,-640.93
2937,167,65,2007-11-11 15:12:09,202.1
3657,120,57,2007-10-08 0:11:40,10071.08
1975,23,31,2007-06-07 9:33:28,128.76
3009,54,94,2007-05-16 7:20:08,1081.05
1770,123,96,2007-07-29 13:47:47,2094.69
4686,47,1,2007-10-07 15:37:47,1058.94
2795,66,55,2007-08-08 3:35:37,1056.98
135,100,100,2008-05-01 20:40:34,1056.2
4654,29,80,2008-06-06 1:24:10,163.85
1335,134,31,2008-04-26 10:28:29,2026.64
925,59,44,2007-08-03 1:24:22,1021.05
1861,89,75,2008-04-03 6:25:20,1036.48
1543,67,42,2008-04-02 11:57:05,54.62
3291,21,78,2008-01-04 12:06:09,1063.34
205,45,12,2007-11-29 17:45:11,1015.16
4644,46,63,2008-05-15 10:10:10,76.89
3329,107,30,2008-06-06 20:42:57,2085.74
1810,90,2,2008-01-30 10:29:25,1080.32
2396,159,55,2007-05-13 15:32:57,169.43
1682,9,73,2008-06-09 20:14:01,123.14
693,122,48,2008-04-13 13:36:06,68.95
2965,70,2,2007-12-17 8:22:06,2068.73
3284,6,26,2008-04-21 23:08:19,129.77
3571,24,26,2008-06-11 20:09:12,2036.49
3268,168,43,2008-01-23 15:20:04,10080.52
439,35,64,2008-01-27 4:04:17,148.9
347,44,30,2008-05-01 16:43:44,168.38
1648,95,98,2008-01-03 2:38:44,199.42
2491,75,22,2007-05-07 17:46:15,2047.19
1606,101,1,2008-03-11 9:57:00,-648.08
2916,86,57,2008-03-01 4:50:15,131.44
1773,173,76,2007-10-22 15:20:23,187.93
998,153,77,2007-11-17 1:57:32,178.83
2155,85,1,2007-05-20 11:20:10,178.1
4588,169,43,2008-03-16 19:14:36,1070.61
389,111,62,2007-05-29 6:55:31,2051.92
924,123,63,2008-04-17 11:41:03,-642.72
2363,79,92,2007-07-02 5:34:35,161.56
4201,123,55,2008-02-26 5:40:20,10069.79
2628,13,33,2007-06-04 17:04:04,2095.76
3257,176,10,2008-01-02 16:15:14,68.03
2487,43,42,2007-12-09 0:46:16,133.9
866,105,94,2007-08-31 14:37:00,115.4
4173,156,30,2007-07-31 22:20:29,2068.08
252,152,22,2007-08-03 8:49:37,145.58
388,73,21,2008-04-23 17:31:50,2028.75
367,107,68,2007-08-29 20:44:34,57.56
4305,141,53,2007-06-27 6:22:04,10031.92
2963,101,99,2008-03-03 11:32:53,182.93
1658,106,3,2007-06-12 18:52:38,78.08
4775,126,59,2007-05-19 6:27:51,107.42
2319,62,21,2007-05-09 20:22:22,169.67
1155,99,41,2007-06-09 0:54:24,-653.88
1036,116,16,2007-11-02 19:28:39,171.11
4247,88,89,2007-12-09 10:59:30,123.29
3034,26,18,2007-06-18 5:11:00,46.15
3203,101,48,2007-08-07 1:40:33,49.08
3800,166,46,2007-07-30 10:27:09,-596.42
4795,42,96,2008-01-24 23:02:24,124.01
4688,115,24,2008-06-18 2:26:36,-655.75
4117,83,73,2007-05-31 9:21:46,68.84
2186,153,42,2007-05-31 15:59:25,10079.79
3290,25,16,2007-10-23 15:30:10,2056.64
3852,105,52,2008-01-27 21:17:35,1085.8
482,89,64,2007-05-15 0:49:44,64.23
4612,41,13,2007-07-19 19:43:21,1061.71
1068,116,65,2008-02-08 2:54:29,114.89
2379,87,15,2008-06-23 22:54:32,155.58
1933,94,23,2007-10-10 10:40:42,69.87
4612,36,79,2007-10-14 1:49:00,76.97
302,131,50,2008-04-23 15:19:11,1080.97
582,155,85,2008-04-30 13:16:52,1075.21
4778,48,3,2007-11-09 0:44:55,2041.55
1986,173,4,2008-01-08 16:34:07,-650.41
2723,138,45,2008-05-19 15:55:37,94.48
3985,172,67,2008-06-23 22:21:06,-651.2
4496,105,81,2008-02-06 3:50:01,2094.61
567,117,52,2007-11-25 1:42:43,1032.62
3380,170,77,2007-11-10 7:00:10,111.31
3022,110,52,2007-10-07 15:37:47,2075.32
158,134,23,2008-04-24 2:51:06,1085.9
418,88,1,2008-02-20 21:26:05,1124.31
2849,177,44,2008-05-09 10:01:21,-646.11
1017,5,15,2008-04-23 17:31:50,10081.71
246,155,11,2007-07-07 2:32:54,10077.14
2029,9,84,2007-11-17 18:41:27,10038.73
4750,126,94,2008-06-22 4:25:24,2069.29
580,151,21,2007-05-15 3:04:49,97.04
972,170,3,2008-01-09 0:07:15,1075.61
1244,89,74,2007-08-04 15:52:08,155.65
1430,38,41,2007-05-01 8:41:46,58.74
2381,150,96,2007-06-23 3:53:15,65.05
4936,109,30,2007-07-20 16:19:02,1021.57
1262,31,66,2007-11-21 1:29:50,131.09
4453,67,81,2007-10-28 2:51:26,10060.18
2852,140,65,2008-05-01 20:40:34,10047.11
4911,161,86,2008-03-21 13:26:11,156.5
2013,17,14,2007-08-27 10:22:28,-602.87
2841,168,13,2007-05-05 10:26:21,1042.3
3992,39,90,2008-06-23 15:48:18,1056.89
4599,147,5,2007-07-12 1:25:41,2045.13
2632,177,41,2008-04-26 15:28:20,1038.73
1103,127,25,2008-03-25 17:57:21,2086.46
3878,100,24,2008-01-01 23:17:47,10040.89
429,127,62,2008-05-17 2:30:25,1092.34
4539,116,61,2008-06-01 18:28:27,-664.48
726,59,24,2007-10-08 15:59:07,1057.86
912,9,29,2007-07-03 16:44:22,162.64
876,9,21,2008-01-03 16:18:07,1060.54
848,164,65,2008-01-26 8:59:35,1083.36
3160,118,49,2008-04-06 17:15:18,1044.85
3061,112,40,2007-10-19 22:09:29,70.8
2309,67,3,2007-11-17 11:34:02,-637.63
2438,41,57,2007-11-08 20:14:02,-640.41
4344,163,81,2007-11-14 6:12:32,-632.04
613,94,41,2007-05-03 10:29:01,148.85
3077,78,18,2008-02-25 2:24:28,165.18
2052,57,93,2007-11-03 4:06:20,2078.74
430,124,9,2008-01-03 20:45:43,141.04
1989,24,38,2007-10-23 2:58:49,1104.31
399,50,6,2008-06-06 1:24:10,145.56
192,79,15,2007-08-08 17:47:59,1057.69
1718,88,94,2007-10-15 9:23:54,127.74
2232,123,65,2008-05-04 5:03:38,103.18
2647,128,10,2007-06-09 0:54:24,176.51
442,7,82,2008-02-04 5:46:26,-660.25
1752,91,51,2008-02-17 23:29:54,109.21
2649,80,97,2007-11-20 5:52:16,1020.32
2765,96,7,2007-08-08 15:01:42,145.34
2058,1,83,2008-04-04 5:14:29,137.26
1158,74,86,2007-11-23 1:53:20,2075.0
2929,67,28,2007-12-24 16:28:30,176.03
1901,131,4,2008-05-15 13:26:20,50.13
4344,101,31,2008-01-15 19:50:44,144.63
1078,27,45,2007-05-15 5:45:35,1068.93
3776,101,41,2008-04-19 6:52:58,139.76
808,87,85,2008-06-11 7:03:12,-628.22
350,58,72,2007-10-03 11:59:15,2090.4
4006,24,40,2008-04-12 12:34:40,107.81
3720,139,100,2008-04-24 8:01:14,83.59
204,108,1,2007-08-17 13:11:51,180.39
1915,2,92,2008-04-19 17:30:07,138.95
394,161,43,2007-10-09 21:37:50,2058.93
3315,43,30,2007-08-27 1:31:03,-629.86
94,19,55,2007-05-22 11:05:25,25.02
3919,151,42,2008-01-23 23:15:50,136.16
2671,152,82,2008-01-07 5:22:14,157.98
3377,32,41,2007-06-30 20:03:08,-632.15
1964,145,58,2008-06-23 15:48:18,10069.41
2901,6,18,2007-07-28 3:19:22,132.08
4205,105,25,2007-06-18 3:26:21,-664.97
1239,159,40,2007-12-02 23:43:44,-626.71
1928,26,21,2008-04-22 18:50:55,91.57
3858,17,82,2007-10-16 17:55:06,-641.6
4297,106,37,2007-06-14 1:02:50,1081.28
293,74,16,2007-08-26 5:39:47,130.8
2099,129,16,2007-07-16 7:59:42,100.09
4127,84,43,2007-11-09 6:36:14,2051.86
1528,165,28,2008-05-05 22:47:48,59.01
3219,137,55,2007-06-23 3:53:15,1028.41
1937,33,44,2007-08-21 14:53:04,159.12
4755,86,40,2008-04-25 3:59:32,85.14
1633,3,8,2007-11-30 0:59:12,81.17
3384,53,58,2008-02-19 7:50:49,77.38
864,42,42,2008-05-18 21:49:20,56.26
2638,59,95,2008-04-28 17:09:38,2033.48
2606,52,66,2008-03-18 18:40:46,156.89
1868,149,21,2007-12-20 22:49:41,60.45
3177,171,39,2008-06-25 20:00:39,158.52
1024,93,65,2007-06-03 17:20:48,101.59
3952,141,58,2008-04-17 21:45:21,2074.01
4429,8,76,2008-05-24 13:53:33,2016.34
1189,125,31,2007-12-08 23:58:17,68.11
1681,44,97,2007-10-04 11:09:45,125.47
3795,172,1,2008-03-23 12:57:07,159.33
3565,67,26,2007-08-20 6:26:06,69.21
2548,115,17,2007-10-25 8:36:46,170.14
4136,154,71,2007-11-09 7:02:45,137.29
2093,90,2,2008-03-21 13:26:11,79.31
433,47,56,2008-05-21 3:04:08,-623.91
2917,54,76,2007-05-15 1:29:42,1069.83
937,118,9,2007-06-17 9:43:33,148.72
342,116,21,2007-08-20 6:26:06,10051.34
85,64,3,2007-12-19 16:47:44,180.6
518,166,23,2007-12-15 9:16:23,-629.93
2777,52,62,2008-06-03 15:12:10,1056.68
2954,25,42,2008-05-30 6:04:58,1053.92
894,56,1,2008-01-27 21:17:35,2064.1
4588,72,91,2007-05-05 0:14:17,1040.32
3693,68,8,2008-06-26 5:43:30,-642.24
2995,161,13,2007-12-21 1:36:29,129.43
526,168,86,2008-04-10 5:41:12,47.51
441,28,40,2007-08-01 3:20:11,-621.87
4261,125,43,2008-06-02 7:16:14,62.12
28,142,96,2007-05-22 19:16:03,59.42
1079,151,4,2007-07-30 9:29:11,10065.18
4667,128,52,2007-08-10 8:56:22,50.79
4872,29,14,2007-12-09 0:46:16,10058.7
668,133,64,2008-04-09 21:51:10,2072.69
274,132,47,2007-05-28 12:18:34,58.58
4980,126,66,2007-08-21 22:39:43,125.64
1721,115,20,2008-05-19 15:55:37,10059.84
2806,47,94,2007-07-19 0:24:14,10059.83
3675,177,53,2007-05-20 11:20:10,2065.06
354,39,85,2007-06-04 17:04:04,1079.51
92,92,6,2007-07-02 5:34:35,1056.11
2609,118,16,2007-06-01 13:18:05,-622.01
4993,120,2,2007-05-19 6:27:51,2063.26
3404,93,81,2008-01-31 18:50:38,83.68
2899,167,76,2007-11-29 17:45:11,2054.74
4132,54,65,2007-06-12 18:52:38,105.66
2427,84,4,2008-01-26 20:42:30,151.11
3378,19,20,2008-04-13 5:26:58,10018.4
2199,168,94,2007-05-18 14:32:29,161.34
4771,103,59,2007-12-25 21:09:37,117.73
3880,104,72,2008-05-15 13:26:20,149.95
4788,81,50,2007-11-24 20:44:12,152.4
2582,70,58,2007-06-02 6:58:10,1039.05
848,14,27,2007-11-09 3:10:57,1045.04
2625,87,90,2008-03-22 1:15:53,10045.03
3412,73,1,2007-06-26 0:14:54,-655.44
2925,35,28,2008-01-23 5:06:44,125.7
1367,131,35,2007-11-09 1:25:54,1119.38
2662,169,21,2008-01-02 7:52:34,64.29
3372,125,52,2007-12-29 20:14:30,2092.99
1971,141,14,2008-04-20 4:10:51,1073.07
4292,172,47,2007-10-23 10:59:50,-669.76
4562,76,24,2007-10-14 1:49:00,130.34
1014,151,92,2008-06-28 12:33:38,160.96
3615,54,68,2007-07-06 20:47:24,1057.7
3789,79,92,2007-11-29 0:20:44,1085.96
3099,46,23,2008-01-27 21:17:35,1021.68
3610,127,6,2008-02-28 23:18:30,1061.69
4555,101,79,2008-04-02 11:57:05,10059.43
3510,107,38,2008-01-25 14:18:30,1109.16
2311,75,41,2008-06-01 18:28:27,2086.95
3221,24,45,2007-08-02 15:47:08,139.1
192,96,48,2008-01-05 21:06:15,139.63
366,19,14,2008-03-01 4:50:15,76.31
1948,177,14,2008-04-29 13:46:11,-622.84
3670,24,52,2007-05-10 23:13:42,2049.8
4275,142,88,2007-10-21 20:05:21,138.32
233,1,19,2007-05-18 6:47:54,150.58
1445,86,73,2007-06-22 12:37:14,83.82
1213,151,16,2007-06-05 11:09:49,152.16
3786,84,7,2007-11-21 0:25:22,100.85
1657,9,1,2007-12-17 8:22:06,2083.76
3651,56,47,2008-04-28 0:19:09,1038.83
2412,136,6,2008-02-28 23:18:30,-631.52
3035,89,60,2008-01-10 14:02:34,141.94
980,20,39,2008-02-20 16:40:00,1062.85
567,142,46,2007-05-06 18:06:16,2060.59
672,94,37,2007-12-05 19:39:40,10053.09
4700,142,57,2008-03-21 13:26:11,-661.59
2243,15,94,2007-08-29 20:44:34,-686.37
2233,124,46,2007-12-16 22:59:30,133.32
1111,124,77,2007-11-29 0:20:44,-680.95
860,69,98,2007-07-03 9:23:24,1113.09
2843,14,53,2007-06-05 11:09:49,2080.15
2751,44,67,2007-06-09 0:54:24,1067.06
1743,110,77,2007-08-20 22:08:17,171.81
3648,113,34,2008-02-26 6:58:48,131.19
1227,131,58,2007-05-03 4:28:36,1024.62
4128,66,24,2008-01-30 16:14:04,2039.15
2434,161,47,2007-05-29 6:55:31,42.61
3253,91,81,2007-06-23 13:29:45,72.81
807,15,100,2007-07-03 16:44:22,94.58
4264,52,11,2008-05-17 2:30:25,142.98
1732,76,67,2008-05-25 4:50:44,121.93
429,68,38,2008-02-04 0:03:40,10056.71
4890,111,66,2008-03-29 0:56:50,-638.86
4951,26,27,2007-06-27 6:22:04,10068.99
465,8,29,2007-06-05 9:37:57,138.11
1545,80,55,2008-06-13 4:01:23,157.88
672,108,13,2008-01-25 9:57:15,46.27
4183,160,44,2007-07-06 20:47:24,93.04
4949,42,60,2007-10-01 0:15:31,136.25
1473,90,46,2008-02-20 16:40:00,122.74
1214,81,55,2008-01-17 7:26:30,2055.55
4429,169,100,2007-05-06 18:06:16,161.56
1769,57,60,2008-02-26 23:20:58,-635.19
3302,175,42,2008-01-29 15:02:18,1059.93
2922,73,67,2008-01-18 22:26:33,1057.75
4773,7,37,2007-07-13 8:05:52,1062.54
322,36,43,2007-08-16 9:28:14,10089.88
3927,118,91,2007-11-27 7:46:09,133.14
2234,95,45,2007-05-17 21:20:35,77.36
4995,67,95,2008-04-05 17:27:37,131.07
3785,98,94,2007-06-05 0:52:21,180.11
1075,81,32,2008-05-31 13:02:21,2060.64
4107,104,44,2007-06-20 2:53:22,201.07
3726,144,60,2008-05-23 10:06:59,2040.85
3692,122,41,2007-05-13 6:39:55,-634.73
209,17,3,2008-04-02 11:57:05,1044.85
1420,150,36,2007-12-27 5:22:12,117.0
777,135,76,2008-06-28 12:33:38,155.42
3063,151,5,2008-06-08 12:22:38,171.74
4055,30,15,2008-05-17 2:30:25,171.16
3590,87,80,2008-06-10 16:13:51,35.24
646,104,57,2008-02-13 7:12:52,10048.0
2930,36,75,2007-06-26 0:14:54,10070.01
3215,48,65,2007-12-31 2:58:16,1080.01
4550,11,30,2007-10-07 15:37:47,1072.26
4967,149,74,2008-01-03 20:45:43,148.87
2102,101,16,2007-10-04 5:47:07,-647.23
3429,103,80,2008-06-13 12:43:52,-637.99
4722,81,99,2007-10-04 11:09:45,166.06
1369,65,40,2008-01-06 6:36:56,2088.98
265,7,45,2007-05-18 14:32:29,156.89
3585,17,52,2007-07-03 16:44:22,104.46
3776,3,40,2008-06-06 19:31:48,154.24
4817,163,7,2007-07-27 23:21:09,1046.91
4830,57,99,2008-04-10 12:04:24,114.68
3485,38,82,2007-06-27 12:52:53,1014.5
787,93,72,2007-12-22 19:20:20,165.92
5000,68,55,2007-11-10 6:35:31,1094.24
2472,54,74,2007-06-01 4:40:51,-646.31
1724,43,26,2007-10-22 15:20:23,1077.46
843,90,87,2008-01-03 2:38:44,2076.39
4747,9,70,2008-03-03 11:32:53,2043.34
1977,71,37,2007-08-27 20:40:49,165.18
1773,62,51,2007-12-29 16:10:08,10086.82
2303,101,53,2007-05-03 4:28:36,1082.59
4776,130,14,2008-01-26 8:59:35,1064.68
814,174,25,2008-05-28 2:39:39,80.09
3491,75,17,2008-06-01 18:28:27,1104.64
1674,92,91,2008-06-02 5:48:09,10084.37
4295,124,50,2007-07-03 13:27:22,-664.51
3871,139,25,2007-11-29 4:41:50,2081.08
2869,13,8,2007-08-13 22:20:49,1121.05
3499,123,67,2007-10-27 2:39:21,1063.14
106,66,87,2007-06-09 2:34:24,113.61
3882,17,75,2007-11-03 14:50:49,157.52
4737,102,29,2008-05-26 12:22:26,10047.54
765,31,8,2007-10-03 9:01:24,1030.49
3910,169,37,2007-11-03 17:01:41,1092.43
4421,93,47,2008-05-29 22:33:33,154.34
1547,50,88,2007-11-18 5:52:51,165.63
2057,113,62,2008-05-10 5:32:20,-608.31
3424,165,98,2007-06-18 3:26:21,133.4
2730,49,10,2007-08-02 15:47:08,1067.26
1119,71,15,2007-11-08 22:49:21,2084.75
109,176,84,2008-04-05 17:27:37,79.01
2820,28,18,2007-10-18 9:06:59,162.42
1313,58,80,2008-04-18 10:35:09,157.24
2398,99,7,2007-12-31 2:58:16,163.14
2454,105,52,2007-12-25 20:29:33,126.86
1691,23,78,2007-08-06 20:49:36,-637.11
3943,28,73,2008-03-11 20:03:58,92.01
861,117,45,2007-07-17 11:55:51,97.13
3595,55,98,2007-11-09 3:10:57,1056.38
4461,93,84,2007-10-28 3:28:48,165.14
3678,94,85,2007-11-23 3:51:16,10033.45
4213,19,17,2007-11-29 12:43:49,120.9
4481,136,5,2007-06-30 13:04:06,10035.25
3688,124,65,2008-01-06 16:32:25,1080.2
2542,88,82,2007-12-29 20:14:30,10068.23
4387,19,45,2007-12-11 3:05:03,71.16
4109,167,39,2008-04-16 12:31:53,151.39
1211,45,92,2008-05-26 12:22:26,1034.75
4764,143,1,2008-02-11 23:40:05,10073.13
3672,43,32,2007-10-29 13:53:53,2063.86
4771,83,59,2007-07-30 12:09:48,92.68
439,24,40,2007-06-07 22:06:23,2039.16
2859,166,97,2007-12-07 13:04:37,123.31
1014,22,77,2008-05-09 0:03:40,1058.9
1762,72,38,2008-01-24 12:11:28,144.03
1411,2,53,2007-10-23 10:59:50,10082.59
3369,57,52,2008-02-29 23:20:50,72.67
4133,168,14,2007-08-07 1:40:33,143.85
421,103,70,2008-04-21 0:30:53,10064.39
2390,129,64,2007-08-03 8:49:37,1059.39
1791,125,10,2007-11-21 23:06:14,1088.06
4116,55,3,2007-12-12 17:31:32,91.06
2982,48,38,2007-10-03 4:31:32,10081.67
2919,165,38,2007-05-22 11:05:25,86.46
4071,22,26,2008-06-09 18:17:07,89.69
1595,110,66,2008-01-29 18:59:16,1074.52
41,139,17,2007-08-08 3:35:37,1104.75
3206,106,44,2007-08-06 5:12:05,159.52
62,142,77,2007-08-08 15:01:42,2075.38
2436,102,32,2007-07-31 2:12:14,66.65
1419,89,78,2007-06-20 12:13:51,169.42
3677,81,32,2007-08-13 14:32:51,104.21
2501,9,86,2008-02-20 16:40:00,1084.62
1100,6,67,2007-10-24 1:08:58,2045.56
3803,143,30,2008-02-18 23:53:14,109.94
1298,132,27,2008-04-02 3:22:18,153.55
3399,74,19,2007-10-01 0:15:31,2075.34
1490,110,68,2007-08-14 9:05:33,163.12
2850,158,28,2007-05-27 20:24:22,130.69
1038,116,73,2007-10-27 2:39:21,1074.2
3204,75,36,2008-06-13 4:01:23,160.72
3164,3,36,2008-04-19 17:30:07,1071.71
336,98,10,2008-05-16 12:50:30,90.9
1440,63,28,2007-05-13 6:39:55,1052.39
1760,109,65,2008-05-15 10:10:10,10059.75
211,127,87,2008-02-06 3:50:01,2089.16
2576,148,2,2007-11-24 4:59:52,1087.9
2827,157,48,2008-05-15 13:26:20,1113.28
3838,47,36,2007-07-16 20:32:23,10030.63
1007,84,17,2008-03-16 10:10:02,-657.46
4535,175,53,2007-10-15 21:49:52,1045.66
93,150,20,2007-11-16 22:35:11,1082.88
1016,91,17,2008-02-20 3:51:57,119.32
4281,43,17,2008-02-02 22:31:47,146.26
4987,21,21,2008-05-05 22:47:48,93.7
4395,157,46,2008-04-24 8:01:14,160.47
742,150,37,2007-07-18 18:12:52,1021.62
650,136,24,2007-11-21 23:06:14,44.23
1631,176,7,2007-05-20 1:43:05,91.87
4303,66,54,2008-06-12 10:26:07,136.34
2720,92,44,2008-06-25 20:00:39,58.69
3818,66,7,2008-02-02 7:35:12,57.25
1272,87,25,2007-07-05 20:13:32,188.81
2138,125,85,2007-07-03 2:08:34,122.26
2137,147,2,2007-12-20 12:23:00,-631.96
2170,87,92,2007-10-01 17:13:22,1046.91
4087,126,9,2007-07-03 16:44:22,147.01
279,139,84,2008-04-09 16:38:33,1055.81
3867,75,53,2007-07-19 2:59:31,198.85
4340,155,3,2007-12-21 0:06:27,1103.71
2467,26,42,2007-08-01 18:36:24,176.93
221,5,63,2008-04-20 13:34:15,142.47
1480,42,13,2008-05-24 4:39:29,175.82
1674,36,6,2007-05-18 13:28:18,94.38
4169,173,2,2007-12-12 17:31:32,1074.19
4012,56,100,2008-04-24 4:59:48,127.55
4791,44,87,2008-05-31 13:02:21,122.88
1194,160,61,2008-06-18 2:26:36,176.61
1309,74,64,2007-07-10 8:52:45,1055.16
3506,144,92,2007-10-01 0:57:11,-645.49
4744,12,83,2007-07-03 15:46:43,10087.4
4784,125,20,2008-05-01 20:40:34,-685.2
1255,161,9,2007-11-23 1:53:20,1058.91
2563,81,25,2007-10-11 3:14:00,10054.27
4580,47,40,2007-06-24 2:29:05,94.45
3861,47,72,2008-01-19 0:02:00,100.35
2599,45,89,2007-12-14 8:38:00,2041.32
907,59,28,2008-01-19 13:36:45,2083.57
1643,58,29,2007-12-05 14:29:04,134.86
3683,150,84,2008-06-19 21:26:30,160.77
4239,138,21,2008-01-23 5:06:44,2074.69
870,127,5,2007-12-07 13:04:37,70.37
4669,107,9,2007-12-15 1:46:11,122.83
2823,94,86,2008-04-02 17:26:17,133.78
3027,69,36,2007-08-30 20:44:44,10019.51
4674,165,8,2007-08-15 8:25:05,134.53
2060,116,77,2008-04-01 4:29:06,1039.2
1035,169,39,2008-03-28 3:53:10,10036.44
586,120,37,2007-12-08 3:26:09,117.35
186,62,92,2008-06-02 7:16:14,1069.25
2501,48,100,2007-06-30 20:03:08,1061.84
2917,164,40,2007-10-07 3:58:45,177.89
2673,29,33,2007-07-14 22:21:50,-641.45
2338,45,32,2007-06-09 7:06:13,10094.43
222,169,98,2007-10-05 7:21:04,1092.43
312,78,49,2007-12-23 2:44:41,121.03
4887,111,41,2008-02-14 1:58:09,2079.21
523,36,37,2007-08-29 20:44:34,1099.96
3391,97,70,2007-10-01 0:57:11,55.22
3341,3,50,2008-05-24 16:51:10,190.22
1636,77,35,2008-03-21 23:45:10,141.39
4299,108,81,2008-06-23 23:46:18,67.8
362,125,96,2007-12-14 21:04:17,1062.0
3345,17,76,2007-12-25 17:09:27,1084.05
992,30,24,2007-10-23 2:58:49,10057.58
706,38,96,2008-05-27 1:02:08,50.25
5,22,78,2008-04-24 4:59:48,10057.24
759,78,4,2008-06-12 14:41:52,-644.17
1501,17,30,2008-05-01 16:43:44,161.19
1314,138,46,2007-06-12 3:53:21,2048.38
3914,128,99,2007-07-30 9:29:11,63.47
2143,34,32,2008-05-30 6:32:01,1036.81
3046,98,77,2008-01-21 20:46:25,2023.76
906,55,37,2008-05-23 11:15:16,112.73
78,67,64,2008-05-09 8:19:49,1062.42
3158,52,68,2008-02-19 4:25:28,1072.27
2597,18,32,2008-04-06 22:49:36,57.44
2347,84,4,2007-05-16 7:20:08,48.39
4492,119,33,2007-07-17 11:55:51,175.94
3273,62,37,2008-02-02 14:05:02,67.81
2029,8,9,2008-03-18 12:11:07,-657.59
3752,112,22,2007-07-17 5:22:43,-620.31
4288,115,83,2007-07-03 13:27:22,-650.89
3393,171,16,2007-05-07 17:46:15,2073.48
4261,173,77,2008-06-01 18:28:27,1084.89
4548,32,76,2007-10-14 1:49:00,1093.67
3180,115,65,2007-10-16 18:45:51,165.96
4368,145,96,2007-12-30 0:40:33,160.42
599,9,79,2007-11-08 22:49:21,1049.88
1411,72,63,2008-06-18 2:26:36,1046.15
2408,92,66,2008-01-08 16:34:07,1093.43
2604,77,7,2008-01-27 3:00:10,-661.97
1553,44,58,2007-05-06 18:06:16,1081.88
3323,27,43,2007-11-23 16:22:05,1057.8
2908,75,46,2007-11-19 4:28:09,1094.8
3550,117,55,2008-05-13 2:22:21,36.13
363,170,35,2007-06-11 7:08:00,-638.84
2219,157,94,2008-05-26 12:22:26,10062.25
2150,57,89,2008-06-06 20:08:14,1040.96
4914,67,95,2007-06-05 9:37:57,119.52
3144,57,78,2007-11-17 1:57:32,2088.27
1752,133,18,2008-04-04 11:44:47,2081.96
1917,64,12,2008-03-03 19:17:41,1072.36
3830,154,6,2007-11-07 0:25:47,2058.39
1863,4,98,2008-06-19 10:57:04,10095.73
1752,28,19,2007-12-27 5:22:12,64.84
1332,82,61,2008-01-24 12:11:28,1075.68
1095,101,50,2007-07-28 14:41:53,182.84
1315,119,6,2008-03-16 2:08:20,1068.11
4833,76,85,2007-05-11 20:35:58,1084.33
2602,13,91,2008-03-22 1:15:53,68.7
768,103,52,2008-01-15 10:44:09,1040.06
3902,105,43,2007-10-07 0:56:05,2032.88
4432,124,14,2007-12-25 21:09:37,-612.57
268,42,68,2008-01-15 19:50:44,173.75
125,91,100,2008-06-13 12:43:52,160.77
1298,61,54,2008-01-07 5:22:14,106.19
296,1,67,2007-11-19 21:36:37,153.5
3239,37,48,2007-05-31 8:32:19,2103.72
2972,136,43,2007-05-18 13:28:18,53.15
2,96,61,2007-07-05 9:02:00,1079.57
3042,19,89,2008-05-06 18:34:56,2065.46
2527,51,34,2008-06-13 4:01:23,195.93
3814,25,53,2007-05-15 3:04:49,2073.3
3390,43,19,2008-06-26 15:10:16,94.43
3973,18,73,2007-11-08 15:45:20,75.13
1373,12,64,2008-03-15 12:17:22,188.73
1206,27,61,2007-12-18 13:03:24,118.26
1109,133,99,2008-02-01 11:10:42,50.58
4760,45,58,2007-11-21 1:29:50,2051.72
3451,148,87,2008-06-11 14:41:43,10048.95
915,21,35,2007-05-13 21:40:39,-655.2
2572,116,60,2007-10-08 23:19:47,171.54
3959,144,37,2007-10-18 22:49:15,163.22
3878,158,15,2007-06-12 1:12:33,2058.76
3177,34,97,2008-03-25 17:57:21,1060.36
4860,159,18,2007-06-25 7:34:56,135.6
3574,146,48,2007-05-31 21:42:49,78.82
2084,54,42,2007-12-09 10:59:30,92.28
3415,18,56,2007-12-04 1:06:54,79.74
1569,159,97,2008-04-18 10:35:09,1080.03
4060,5,66,2007-08-12 3:28:06,1038.14
4972,175,12,2008-05-31 13:02:21,1085.54
2302,63,60,2007-08-21 14:53:04,2055.62
2991,1,14,2008-06-09 18:17:07,113.82
193,12,62,2007-11-09 3:10:57,117.03
3394,12,27,2007-10-11 10:05:55,89.83
3907,159,19,2007-06-19 9:54:24,183.9
4568,36,55,2008-01-10 14:02:34,176.51
3256,175,29,2008-03-10 22:49:37,39.97
4691,18,17,2007-10-28 3:28:48,10048.67
4995,28,4,2008-03-16 10:10:02,147.47
4730,80,95,2007-12-29 20:14:30,153.02
1815,20,80,2008-02-18 23:53:14,186.66
3944,55,38,2007-07-18 18:12:52,1085.61
4245,84,85,2007-08-20 3:50:30,1088.1
60,15,88,2007-07-04 17:07:24,-641.11
4184,161,84,2008-05-29 21:18:31,63.57
1605,109,39,2008-05-27 5:00:40,173.58
2278,90,69,2007-11-22 10:11:25,1022.11
256,69,1,2007-08-14 9:05:33,1057.14
369,41,44,2008-05-24 15:53:11,166.97
408,66,72,2007-07-24 16:51:03,10036.2
1882,38,95,2007-07-10 8:52:45,1074.44
2485,155,65,2007-10-29 16:26:45,-650.38
4850,154,9,2008-01-13 2:24:59,10073.98
4786,107,78,2007-05-18 6:47:54,2055.25
2778,76,64,2008-01-20 13:30:30,30.2
4538,143,18,2007-05-01 23:14:02,143.27
4095,153,77,2008-05-24 13:53:33,154.43
1558,168,92,2007-12-08 23:58:17,1064.99
1587,148,8,2007-10-15 13:09:24,126.6
3675,28,95,2008-01-13 3:11:48,1074.95
4099,43,81,2007-06-30 8:47:44,2054.67
1301,124,75,2008-02-17 23:29:54,1068.94
394,44,52,2008-01-14 12:37:15,10049.6
3161,114,23,2008-01-29 15:02:18,1057.34
3563,73,28,2008-05-27 5:00:40,10080.53
648,12,22,2007-05-02 6:22:11,10055.52
1462,169,94,2008-06-28 23:47:51,1067.19
1267,49,13,2007-08-20 3:50:30,-611.94
2540,58,39,2008-06-26 5:43:30,187.19
1756,63,82,2007-05-01 20:28:44,1055.93
1198,119,97,2007-07-18 19:32:17,2051.06
2957,132,49,2008-03-04 17:54:14,2056.95
4518,162,43,2007-12-30 13:29:15,61.18
1299,128,57,2008-05-15 15:11:49,2043.37
3422,29,92,2008-05-26 12:22:26,46.71
2566,28,77,2007-10-16 18:45:51,125.17
1945,5,95,2007-12-09 19:40:43,153.45
2643,1,57,2008-05-09 10:01:21,164.0
362,90,91,2007-11-10 7:00:10,187.94
1520,90,79,2007-12-06 19:41:49,1077.2
1134,46,2,2007-07-03 16:44:22,201.2
1324,99,71,2008-06-05 5:31:13,148.09
4579,7,38,2007-11-06 2:33:15,174.48
3556,26,35,2007-10-23 10:59:50,-665.25
2342,127,12,2007-12-21 13:57:45,134.04
533,14,54,2008-02-08 12:05:38,92.3
1167,151,84,2007-05-20 23:14:00,2031.49
951,91,86,2007-10-23 8:08:28,-637.07
4571,95,73,2008-05-31 12:00:45,1060.26
100,8,23,2007-06-20 17:24:32,-603.2
2206,107,4,2008-02-02 14:05:02,2043.56
4012,95,58,2008-06-23 22:21:06,1061.38
2300,111,34,2008-06-18 2:26:36,2069.71
4363,9,63,2008-03-18 11:13:28,76.07
4393,177,60,2007-12-20 22:49:41,122.21
2399,100,84,2007-07-16 5:28:49,159.65
2923,106,75,2007-07-17 8:27:55,48.62
1403,165,13,2007-10-25 18:38:51,10059.02
1192,5,9,2008-04-30 13:16:52,161.14
938,4,59,2008-02-29 23:20:50,1041.8
4140,61,49,2007-12-16 22:59:30,176.28
3350,144,14,2008-01-28 15:12:26,105.94
2643,80,49,2007-07-03 9:23:24,2024.79
4239,150,76,2008-01-06 13:16:15,61.43
4938,2,47,2008-03-30 16:48:24,133.33
4844,177,32,2008-01-01 20:23:17,10038.85
4178,109,10,2008-01-27 3:55:06,1087.69
3758,56,30,2007-05-22 19:16:03,-645.4
2064,69,34,2008-05-29 21:18:31,57.88
4299,25,57,2008-04-30 16:52:53,-639.31
396,131,67,2008-05-01 11:27:03,2085.99
2976,25,81,2007-05-30 23:33:54,30.75
1113,170,71,2008-01-25 9:57:15,1050.81
298,73,12,2008-01-24 12:11:28,10074.09
793,76,46,2008-01-30 10:29:25,1061.26
999,92,83,2008-02-20 3:51:57,2063.66
2430,146,88,2008-03-30 16:48:24,103.41
3317,4,72,2007-08-07 1:40:33,158.01
1844,165,20,2007-06-09 4:30:16,153.89
2185,63,98,2007-06-20 17:24:32,68.66
2030,132,91,2007-07-17 11:55:51,1065.96
979,23,72,2007-10-25 7:38:04,2071.9
3673,3,32,2007-08-14 17:38:07,1069.8
4401,26,69,2007-08-08 3:35:37,10052.44
1678,77,60,2007-07-06 10:15:26,1091.04
3216,19,89,2008-05-27 1:02:08,124.92
4817,14,8,2007-12-21 13:27:11,10057.51
1093,133,45,2008-01-11 21:00:22,170.29
48,170,23,2007-07-12 1:25:41,153.37
2043,33,99,2007-07-12 1:25:41,183.72
173,24,9,2007-08-14 9:05:33,55.13
2671,141,2,2008-02-16 11:53:05,1104.18
3634,164,41,2008-03-16 19:14:36,1090.76
4111,106,2,2008-02-02 7:35:12,10032.64
340,168,33,2008-02-17 15:19:37,131.47
619,118,54,2007-12-09 10:59:30,10083.64
1713,90,60,2008-04-09 21:51:10,-660.95
2878,155,31,2008-06-06 1:24:10,156.16
4968,77,92,2007-12-25 21:09:37,-622.29
3334,148,35,2007-07-28 0:00:19,131.33
4175,28,70,2008-03-30 12:45:07,55.86
991,46,11,2008-06-05 14:27:09,2060.13
3625,135,78,2008-05-23 11:15:16,36.88
964,106,35,2008-02-26 6:58:48,50.92
4500,177,2,2007-12-11 23:50:12,2065.29
2461,10,29,2007-08-03 1:24:22,1049.88
4954,85,77,2007-12-16 5:21:45,1071.06
2389,128,41,2007-11-02 19:28:39,146.35
2510,68,52,2008-06-10 16:13:51,2060.08
3281,74,48,2007-06-30 16:22:32,135.8
3555,154,18,2008-05-09 10:01:21,2044.91
1076,162,30,2007-10-08 15:59:07,176.86
2749,42,80,2007-06-27 6:22:04,1072.08
3439,24,35,2008-02-12 10:28:30,10081.87
4135,109,10,2007-08-15 8:25:05,10057.65
2732,131,3,2008-03-11 9:57:00,152.12
4555,172,25,2008-03-08 12:06:19,159.45
2660,22,39,2008-02-18 3:49:42,179.82
3944,89,93,2007-10-14 1:49:00,2009.81
1575,111,21,2007-11-17 2:06:41,2068.99
3906,141,41,2008-04-17 11:41:03,2054.57
1819,91,75,2007-05-06 15:02:50,10059.22
2404,84,11,2007-12-21 0:06:27,1055.62
3542,39,36,2007-05-24 12:55:23,139.97
132,27,2,2007-06-11 0:02:37,-659.04
1664,153,22,2007-06-10 17:03:25,68.08
1152,9,24,2008-03-04 17:54:14,119.03
3970,170,65,2007-11-24 4:59:52,1088.11
2441,163,18,2007-05-05 0:14:17,69.71
418,78,42,2007-12-24 12:03:24,149.34
3425,35,7,2008-02-06 3:50:01,194.23
4097,116,60,2007-08-04 20:10:36,-631.74
2004,124,69,2008-04-13 5:26:58,-606.91
1829,73,35,2008-04-27 9:08:43,188.62
3822,99,83,2007-12-22 16:17:29,10055.24
251,109,61,2007-06-25 3:01:23,190.15
47,43,5,2008-03-28 8:44:59,1095.38
466,113,76,2007-12-04 1:06:54,1092.03
3005,117,44,2008-01-08 16:34:07,28.91
1727,40,22,2007-12-14 8:38:00,2021.07
958,108,34,2007-12-19 5:49:15,1056.44
1412,149,23,2007-06-03 20:23:21,117.76
1820,60,29,2008-04-06 5:34:53,10081.25
3185,175,91,2007-08-16 9:28:14,174.08
1986,11,10,2007-07-12 1:25:41,10049.88
2003,33,20,2007-11-11 1:38:20,-665.8
664,50,44,2007-05-13 21:40:39,2056.66
4847,100,36,2008-04-16 12:31:53,162.97
2440,38,44,2007-06-04 17:04:04,2056.08
3946,122,41,2007-08-17 1:11:10,10084.16
2655,155,81,2008-03-20 5:38:14,184.37
3902,145,65,2007-10-02 6:03:15,43.24
698,23,50,2007-10-31 20:05:16,165.92
4969,64,18,2008-01-20 13:30:30,2027.62
3305,23,48,2007-11-25 1:42:43,112.79
3304,159,69,2008-03-18 23:11:57,-650.14
1480,43,21,2007-12-04 1:06:54,129.35
143,139,47,2007-06-26 0:37:25,10025.28
4951,79,85,2008-04-13 5:26:58,1074.52
4598,153,84,2008-06-18 5:31:44,1118.27
4035,44,16,2007-10-27 2:39:21,1086.39
4129,103,87,2007-05-01 23:14:02,2051.66
1172,88,69,2008-01-16 5:11:13,1062.89
4461,151,14,2007-11-17 11:34:02,121.74
3885,141,81,2008-01-18 7:40:46,147.81
1942,58,20,2008-05-05 8:07:35,186.0
4748,35,89,2008-01-27 4:04:17,10024.16
443,124,94,2008-05-09 0:03:40,-631.96
1728,24,24,2008-01-11 22:27:17,10068.71
2227,106,80,2007-12-30 0:40:33,2043.43
2527,28,19,2008-02-16 11:53:05,126.01
4755,85,20,2007-06-12 3:53:21,-638.65
2952,48,41,2008-04-21 0:30:53,10087.25
3686,23,30,2007-12-31 2:58:16,-679.53
1712,83,52,2007-07-30 7:49:24,154.3
1023,137,81,2007-06-07 21:06:35,55.81
4961,46,30,2007-06-25 3:01:23,1064.58
2023,104,26,2008-02-18 3:49:42,182.36
4698,156,12,2007-11-19 4:28:09,175.83
2669,78,61,2007-07-13 8:05:52,80.93
2177,115,24,2007-07-21 21:40:35,1040.63
1729,29,62,2007-07-17 12:33:24,163.01
3523,127,40,2007-11-23 3:51:16,-611.79
2894,27,56,2008-05-13 2:22:21,149.82
155,128,64,2007-05-14 14:58:10,2055.06
4082,134,99,2007-05-31 21:42:49,150.36
459,4,40,2008-03-28 8:44:59,10071.6
333,52,82,2008-01-14 6:22:11,130.52
707,128,16,2007-05-10 23:13:42,161.86
4963,142,68,2007-05-14 14:58:10,166.09
3017,49,70,2007-11-28 6:30:44,10058.29
1088,128,9,2008-05-21 3:04:08,1073.98
4332,56,22,2007-07-16 5:12:39,10058.11
3498,106,67,2007-12-05 19:39:40,63.35
4880,36,77,2007-12-12 17:31:32,2041.93
2202,60,39,2007-11-11 12:50:49,62.93
4515,29,38,2007-05-20 18:30:19,10015.83
66,74,89,2008-04-23 15:19:11,10036.85
3872,138,36,2007-08-06 5:12:05,-644.39
3648,143,36,2007-06-27 12:52:53,172.12
665,58,30,2008-01-27 21:17:35,10053.97
4911,13,14,2008-04-06 1:54:13,1066.57
4107,77,66,2008-04-24 2:51:06,-647.08
528,87,23,2007-12-14 21:04:17,10068.88
2548,87,42,2008-04-09 16:35:01,2035.38
1463,34,80,2008-01-26 20:42:30,10066.88
1885,19,8,2007-08-13 14:32:51,121.93
4526,51,79,2007-12-30 0:40:33,112.2
4090,147,39,2007-06-02 3:46:50,1077.75
1479,21,47,2008-05-26 12:22:26,1064.3
3720,30,82,2007-10-28 3:28:48,125.41
3581,23,44,2008-06-09 19:42:27,182.0
3325,67,35,2007-06-27 17:43:28,155.65
2284,61,27,2007-05-24 12:55:23,2096.17
153,4,87,2007-10-22 15:20:23,10074.46
1422,159,15,2007-12-31 6:49:39,-680.12
3080,64,43,2007-12-15 9:16:23,1031.33
4710,67,19,2007-10-03 11:59:15,159.36
616,25,84,2007-11-09 3:10:57,75.41
3818,159,9,2007-11-16 22:35:11,1088.84
3727,147,87,2008-04-10 12:04:24,81.8
3841,18,44,2008-02-21 23:54:43,10062.93
2697,172,63,2007-06-10 17:03:25,10063.48
1404,31,98,2007-05-06 11:10:24,143.86
4945,60,22,2008-03-15 22:06:34,116.44
3266,23,28,2007-07-19 0:24:14,124.84
3579,1,99,2007-10-28 3:28:48,1065.81
4468,154,18,2007-11-21 1:29:50,154.14
2972,26,94,2007-12-05 19:39:40,89.75
2377,20,80,2007-06-18 9:15:56,111.06
2333,112,14,2007-06-12 15:13:03,1071.07
3381,31,35,2008-03-18 23:11:57,146.72
3290,106,47,2007-07-20 5:49:16,143.36
170,113,95,2007-08-12 3:28:06,1061.52
3967,22,96,2008-03-18 18:40:46,10059.49
4231,106,59,2007-07-06 10:15:26,173.81
1005,141,85,2007-12-14 8:38:00,94.87
3130,31,77,2007-05-27 8:24:55,191.34
4850,53,33,2007-08-24 7:56:59,-606.23
2772,17,45,2007-08-27 10:22:28,149.45
2464,161,97,2008-04-03 6:25:20,74.99
4038,95,4,2007-11-11 1:38:20,171.98
4195,170,44,2007-06-27 6:22:04,75.27
1057,165,94,2008-01-11 21:00:22,87.52
1796,88,2,2007-08-12 3:28:06,144.97
2957,74,65,2008-02-26 6:58:48,69.04
2774,10,68,2007-12-24 12:25:28,-627.07
4940,56,45,2008-03-30 16:48:24,1070.33
140,60,84,2007-06-30 13:04:06,93.82
1233,164,65,2008-01-25 7:33:01,1058.78
2936,1,73,2008-02-19 7:50:49,1032.82
2203,114,40,2007-12-31 6:49:39,39.5
3290,34,90,2008-03-03 19:17:41,91.11
4062,62,84,2008-03-18 11:13:28,140.49
3300,68,34,2007-11-07 0:25:47,78.14
237,78,51,2007-12-30 13:29:15,-635.81
376,132,80,2007-12-27 5:22:12,1128.05
2097,44,54,2008-06-14 22:03:03,1074.13
2215,32,63,2007-11-06 0:46:31,1022.32
4028,43,12,2007-08-20 22:08:17,10030.58
1979,129,77,2007-06-07 21:06:35,10050.0
2571,68,54,2007-05-05 10:26:21,2016.63
1161,130,3,2007-11-30 6:46:27,181.77
4733,85,90,2008-04-26 16:24:15,1094.15
770,169,96,2007-08-14 9:05:33,-644.14
641,42,7,2008-02-20 16:40:00,1026.31
2829,12,42,2007-11-08 22:49:21,149.47
1241,87,67,2007-10-02 16:19:44,152.53
1361,72,33,2007-10-08 14:40:27,10056.09
2003,137,56,2008-01-04 6:32:49,1034.95
3506,10,100,2007-12-19 16:47:44,1082.96
1964,40,61,2008-05-15 12:11:08,-681.45
3580,43,50,2007-11-26 18:43:08,1067.16
3347,64,95,2008-04-10 10:53:06,10093.38
754,90,71,2007-05-01 7:17:29,1044.36
1541,91,66,2007-08-06 5:12:05,137.1
4748,121,26,2008-04-04 11:44:47,169.0
2878,20,77,2008-05-22 21:01:10,1099.6
81,73,62,2008-05-17 2:30:25,2083.94
2274,61,95,2007-10-04 20:48:21,2061.65
1916,39,29,2008-04-24 8:01:14,1061.18
3974,117,2,2007-06-06 19:42:31,65.43
3484,69,36,2007-11-07 19:44:50,-648.94
2881,100,57,2007-06-12 18:52:38,75.3
4178,134,35,2007-12-10 22:03:05,50.09
1005,125,40,2007-07-17 11:55:51,-644.14
3260,31,21,2007-07-17 8:27:55,2050.63
2603,159,97,2007-07-30 12:09:48,-680.94
3364,46,37,2007-12-14 21:04:17,10033.27
2511,163,78,2008-01-07 5:22:14,144.26
1463,111,84,2007-06-05 22:15:08,10050.0
1785,140,26,2008-02-21 6:51:59,166.76
3411,133,72,2008-06-02 5:48:09,97.85
3198,101,27,2007-08-01 3:20:11,2046.91
3738,69,33,2007-11-06 0:46:31,1040.72
776,39,76,2007-07-18 22:04:00,127.86
4670,6,72,2007-11-11 15:12:09,-628.62
2675,75,46,2008-05-05 8:07:35,137.87
1040,121,72,2008-03-28 3:53:10,178.57
2451,93,84,2007-11-29 17:45:11,197.78
4259,136,25,2008-01-26 8:59:35,2057.95
466,160,48,2007-07-21 21:32:38,35.5
3919,60,65,2007-11-11 1:38:20,1096.93
4645,66,88,2007-12-24 12:25:28,2062.09
2325,153,83,2008-06-25 16:13:42,-610.21
3591,156,79,2008-04-10 21:32:37,131.25
1628,29,8,2007-10-03 11:59:15,1076.66
2578,6,85,2008-04-01 4:29:06,2080.71
1719,10,27,2007-11-30 6:46:27,-607.54
4915,24,33,2007-06-06 19:42:31,10060.13
2322,62,2,2007-12-20 14:35:29,63.77
2660,120,53,2007-07-21 13:22:14,133.7
191,157,97,2008-04-10 12:04:24,10061.29
2563,49,81,2007-06-30 3:59:55,157.76
982,45,9,2007-10-07 15:37:47,147.65
3135,125,85,2007-06-20 12:13:51,100.84
4661,165,14,2008-01-26 20:42:30,143.19
2910,5,44,2007-05-16 7:20:08,150.48
3531,74,40,2007-06-26 0:14:54,2069.28
3695,164,21,2008-03-26 15:24:41,2097.43
1501,40,18,2008-03-26 15:24:41,101.59
2059,106,34,2007-11-20 19:06:04,10082.71
3783,24,15,2008-04-06 14:13:01,1096.27
521,13,91,2008-03-14 18:09:46,2043.67
64,68,28,2008-01-09 0:07:15,41.53
3248,74,28,2008-01-25 9:57:15,149.02
4515,32,80,2007-10-04 11:09:45,1048.6
228,56,96,2008-03-18 23:11:57,-641.04
3877,134,36,2007-12-22 19:20:20,82.14
333,140,99,2007-05-08 13:26:18,2051.02
4946,101,15,2008-05-09 12:43:29,10067.22
834,41,69,2008-05-09 10:01:21,-628.07
20,66,70,2007-12-23 14:16:07,1070.78
371,90,68,2008-03-18 12:11:07,2039.52
4348,54,38,2008-03-10 22:49:37,-654.59
180,61,47,2007-08-29 11:44:09,-661.23
2206,12,1,2007-11-27 7:46:09,2077.82
1294,80,77,2007-11-17 11:34:02,2041.75
337,53,81,2008-03-15 22:06:34,2061.36
2193,85,95,2007-11-30 0:59:12,99.49
2012,49,16,2007-05-01 8:41:46,10084.26
3884,149,91,2007-11-28 16:56:30,178.37
644,58,33,2007-06-18 9:15:56,100.65
4024,171,61,2008-06-18 3:26:37,131.29
496,134,49,2007-10-25 9:51:21,-621.91
550,170,71,2007-10-07 13:02:48,1092.2
3804,3,25,2007-06-18 3:26:21,43.38
2332,52,77,2008-04-06 14:13:01,10042.1
4192,6,53,2007-11-09 7:02:45,83.37
1900,70,47,2008-04-12 12:34:40,10094.46
2245,85,19,2007-12-28 17:09:43,1037.74
4976,164,11,2007-11-02 19:28:39,127.43
79,32,82,2007-05-17 7:07:29,2051.06
749,24,15,2008-04-18 4:07:04,10060.61
733,165,15,2007-08-14 17:38:07,-629.13
4910,158,82,2008-06-05 14:27:09,122.92
3661,155,89,2008-02-02 22:31:47,117.25
1978,69,81,2007-05-01 23:14:02,1079.4
3980,26,77,2007-11-29 4:41:50,10053.01
1360,6,64,2007-12-08 18:02:06,-645.64
2767,32,42,2007-06-01 13:18:05,83.28
622,124,38,2008-05-25 22:20:50,-620.22
4511,54,13,2007-11-01 13:50:47,1043.68
4260,21,44,2008-02-21 23:54:43,103.9
1967,137,53,2008-06-25 20:00:39,1070.99
4679,127,29,2007-10-17 15:20:08,-644.86
524,144,78,2007-07-30 7:29:04,10059.88
1470,130,34,2008-06-09 19:42:27,1038.98
3830,102,31,2008-01-06 6:36:56,1070.14
3367,173,4,2008-06-02 5:48:09,147.28
3616,78,36,2007-12-19 5:49:15,1062.5
4521,46,33,2007-06-11 14:15:21,2065.73
3338,164,85,2007-05-01 7:17:29,1065.35
1008,31,42,2008-04-06 8:59:43,1073.22
2680,144,84,2007-07-03 13:27:22,1083.78
2524,61,52,2007-06-03 17:20:48,1079.9
905,58,68,2007-07-03 13:27:22,1100.18
1272,127,28,2008-03-03 17:13:14,1020.24
3223,171,36,2007-10-23 8:08:28,10049.97
364,22,16,2008-03-21 13:26:11,1051.67
2363,166,83,2008-05-09 0:03:40,68.93
1251,145,8,2007-10-07 13:02:48,-644.09
616,27,53,2008-01-05 21:06:15,180.0
1533,121,26,2008-05-19 13:45:47,1054.88
1203,118,82,2007-06-17 9:43:33,147.65
4723,167,69,2008-05-24 13:53:33,166.79
1526,78,55,2008-03-21 13:26:11,10056.09
2768,87,51,2008-03-30 14:35:47,18.08
4122,94,51,2008-04-30 16:52:53,138.79
4001,34,11,2008-04-28 17:09:38,83.09
4872,37,52,2007-12-16 22:59:30,1088.27
2162,13,1,2007-07-05 9:02:00,10043.05
622,120,81,2008-06-11 14:41:43,148.9
4986,38,45,2007-06-30 8:47:44,200.74
2189,101,9,2007-10-25 7:38:04,1109.69
4566,125,64,2008-06-19 21:26:30,2027.5
1007,159,77,2008-04-23 3:34:19,2026.82
361,33,79,2007-05-05 10:26:21,129.07
2179,30,13,2007-07-31 21:17:07,145.12
2934,159,47,2007-11-07 19:44:50,62.36
4638,7,51,2008-03-08 12:06:19,1107.69
1414,125,20,2007-12-20 12:23:00,10091.93
607,118,98,2008-03-26 5:27:10,-630.99
1687,11,30,2007-11-20 5:52:16,80.63
1703,15,30,2007-05-31 22:45:27,1047.28
4622,147,81,2007-12-14 0:46:25,2043.55
4390,64,76,2008-04-23 3:34:19,140.38
3334,33,19,2007-11-09 1:25:54,2050.65
2079,163,72,2008-04-10 1:45:39,160.36
4964,173,73,2008-04-24 2:51:06,1059.77
2905,2,50,2008-01-26 12:52:50,112.33
2339,45,52,2008-06-18 4:10:05,-646.85
4097,2,44,2008-05-01 11:27:03,75.07
3914,45,83,2007-07-21 21:32:38,92.53
88,176,91,2007-10-22 15:20:23,10052.45
671,161,95,2007-10-08 14:40:27,174.43
4146,59,60,2008-01-10 11:30:51,1076.11
1183,65,15,2007-07-17 8:27:55,10046.77
2841,57,37,2008-04-19 17:30:07,1044.35
2562,5,89,2008-03-01 1:37:55,137.43
72,165,44,2007-05-18 6:47:54,151.08
617,108,81,2008-06-26 15:10:16,1046.88
4647,155,96,2007-10-23 10:59:50,94.03
1751,172,70,2008-04-23 17:31:50,124.06
2303,51,56,2007-11-29 0:20:44,100.63
2044,59,57,2008-01-03 20:56:02,149.0
3048,87,46,2007-06-25 7:34:56,-618.82
2870,142,8,2008-01-08 5:20:44,51.7
1447,103,26,2007-08-20 20:54:43,71.18
2539,128,69,2007-07-28 12:32:25,120.3
823,19,90,2007-07-25 3:14:13,164.43
4728,19,50,2007-10-24 10:39:34,89.15
4886,121,43,2007-06-25 3:01:23,158.78
2282,45,15,2008-01-28 15:12:26,94.65
3292,50,60,2007-10-30 11:44:28,1047.9
1935,169,37,2007-06-12 15:13:03,1066.79
2542,38,93,2008-05-02 18:45:00,2071.89
2134,122,1,2008-05-09 12:43:29,10080.25
3155,161,43,2007-10-18 22:49:15,2057.92
2680,17,4,2008-02-12 4:00:47,1035.1
3556,127,48,2007-06-30 16:22:32,162.06
2127,76,4,2007-07-19 0:24:14,2066.02
4664,112,100,2008-02-02 22:31:47,2052.65
4529,158,49,2008-05-22 21:01:10,2062.08
1107,46,11,2008-04-17 14:53:42,53.18
2281,147,60,2007-12-07 13:04:37,133.63
745,175,42,2007-12-19 5:49:15,1064.03
1765,10,39,2007-07-06 19:23:01,2057.11
1954,43,59,2008-02-15 18:38:25,147.85
4572,62,86,2007-10-25 18:38:51,-667.53
4882,132,46,2007-05-13 15:32:57,163.81
2160,53,17,2008-03-26 14:06:37,2084.22
603,77,41,2007-05-15 5:45:35,1034.6
2394,98,44,2007-10-30 23:15:38,2052.79
4193,26,52,2008-04-09 16:35:01,117.92
3033,129,21,2007-07-26 8:24:48,148.94
165,67,78,2007-10-30 11:44:28,1110.04
1580,77,45,2008-04-06 14:13:01,1053.36
1142,37,98,2007-12-24 12:03:24,-623.3
1141,10,1,2008-06-10 19:01:19,1117.06
3076,67,52,2007-10-21 20:05:21,139.28
4884,25,36,2007-08-28 17:15:58,10075.15
3774,10,39,2007-07-17 12:04:57,126.86
3222,4,58,2007-12-21 0:06:27,108.5
4874,52,74,2008-02-18 23:53:14,188.99
4863,150,5,2008-03-18 23:11:57,116.1
3175,126,89,2008-04-04 5:14:29,1050.56
4011,126,71,2008-05-19 6:04:20,-616.72
3108,42,31,2008-05-31 12:00:45,10066.1
3233,88,14,2007-10-23 8:08:28,-631.82
2114,58,88,2007-11-11 15:12:09,134.13
1126,34,15,2007-10-16 18:45:51,185.72
1302,176,10,2008-01-03 20:56:02,10080.03
3137,12,35,2007-11-11 12:50:49,47.91
449,16,43,2007-06-27 17:43:28,149.89
1554,99,76,2008-01-24 12:11:28,10058.07
4589,137,40,2008-01-19 0:02:00,-641.07
4211,57,8,2007-11-01 4:48:07,114.6
958,68,9,2007-11-18 20:04:35,167.69
2360,72,17,2007-06-03 11:35:18,109.18
4302,79,67,2007-06-01 6:50:39,164.55
3993,54,95,2008-04-22 18:50:55,1075.77
3688,163,19,2007-07-23 4:53:05,2022.32
3840,129,93,2007-05-14 14:58:10,-600.85
3291,156,83,2008-03-14 6:47:02,161.86
3003,58,30,2007-10-07 3:58:45,1082.58
2799,130,27,2007-12-28 8:38:58,118.2
1614,122,75,2008-01-26 12:52:50,157.42
2229,92,88,2007-11-24 4:59:52,137.27
4780,175,7,2007-10-21 20:05:21,1084.5
2133,131,27,2007-11-26 18:43:08,1053.91
14,129,53,2008-02-24 2:59:17,23.65
4489,102,86,2008-06-18 5:31:44,10085.06
1259,69,22,2008-04-20 21:45:26,146.33
4436,113,76,2007-06-18 3:26:21,1064.53
2720,66,41,2007-11-09 5:18:30,1104.84
3431,72,96,2007-11-19 15:48:19,154.58
3144,157,71,2008-04-23 20:00:01,1049.19
4219,113,71,2008-06-14 22:03:03,1060.7
2788,79,94,2008-06-11 7:03:12,73.45
1114,163,13,2007-12-16 5:21:45,-657.5
4343,139,93,2008-02-02 7:35:12,1064.07
756,46,58,2007-06-09 4:30:16,10034.6
3109,101,60,2008-05-12 8:15:21,2078.26
1497,114,87,2008-02-29 23:20:50,-674.73
4114,101,55,2008-04-01 4:29:06,1078.57
600,163,67,2008-02-13 7:12:52,151.72
4833,92,4,2007-12-11 3:05:03,67.04
4178,68,50,2008-06-23 22:21:06,66.02
298,165,51,2008-02-14 0:24:38,1071.97
3295,149,50,2008-02-12 4:00:47,82.35
513,65,95,2007-07-04 17:07:24,1066.17
1605,147,84,2008-06-23 22:21:06,147.93
1894,50,24,2007-05-07 4:53:09,1022.58
4692,155,52,2008-02-26 23:20:58,159.12
543,101,56,2007-12-31 2:58:16,-654.69
3454,106,44,2007-12-14 14:14:13,97.82
4301,40,52,2007-11-25 1:42:43,-636.27
4365,82,35,2007-11-19 3:46:51,74.82
962,117,25,2007-12-31 2:58:16,-598.54
1599,111,3,2008-05-26 12:22:26,164.39
727,91,91,2008-01-18 7:40:46,10064.35
2160,8,64,2008-03-16 19:14:36,159.07
2863,130,31,2008-05-02 18:45:00,157.49
2658,91,82,2007-07-10 7:57:53,132.74
3618,158,11,2008-04-16 12:31:53,62.95
3825,69,17,2007-11-23 3:51:16,1051.35
3434,157,62,2007-11-07 0:25:47,161.77
2643,135,77,2007-12-10 17:19:11,171.5
512,120,5,2007-07-21 21:40:35,-675.66
2028,79,65,2008-01-01 20:23:17,-672.75
1150,77,8,2008-03-23 12:57:07,187.4
4614,80,37,2007-07-19 2:59:31,178.7
4336,8,46,2007-11-20 5:52:16,1075.15
1763,27,48,2008-01-31 3:35:00,1065.67
2729,18,23,2007-12-14 1:30:56,129.99
585,170,32,2008-01-20 14:51:24,130.18
4037,150,12,2008-05-29 21:18:31,85.11
3339,109,43,2007-05-15 8:47:51,124.65
2269,74,44,2008-03-19 10:52:31,1027.73
3144,102,17,2008-04-27 9:08:43,139.63
2391,43,71,2007-11-14 6:12:32,32.64
1668,142,54,2007-05-05 6:35:11,1052.31
3399,10,47,2007-12-09 0:46:16,10082.86
368,27,11,2008-03-19 10:52:31,90.27
3988,65,48,2007-11-07 0:25:47,201.18
2530,86,17,2007-12-20 14:35:29,1075.33
3377,71,81,2008-04-06 22:49:36,132.66
4669,110,7,2007-11-29 12:43:49,176.55
2664,54,37,2007-06-22 6:27:54,2035.69
4876,174,57,2008-03-26 15:24:41,-635.54
3815,55,63,2007-08-10 8:56:22,1063.72
2131,63,94,2008-06-17 5:11:35,169.79
4133,137,49,2008-01-28 2:37:49,-620.57
2965,70,10,2007-05-01 7:17:29,-643.48
1108,164,53,2007-11-30 1:24:36,-633.3
3764,21,73,2007-10-29 16:26:45,1058.69
1149,36,90,2007-06-02 0:46:37,2040.18
3352,141,31,2007-05-20 11:20:10,181.28
712,91,35,2008-02-13 13:15:39,152.59
3839,174,55,2008-04-18 4:07:04,2038.67
304,83,96,2008-05-02 18:45:00,-641.38
4287,146,92,2007-07-14 22:21:50,1105.19
3121,40,85,2007-11-20 5:52:16,2057.79
3145,60,72,2007-06-18 3:26:21,-666.24
1487,28,11,2008-05-04 8:10:09,1067.29
4098,103,27,2007-07-30 7:29:04,1041.07
782,72,43,2007-11-30 0:59:12,152.11
1566,108,54,2007-11-03 14:50:49,73.62
3100,158,26,2007-07-17 12:33:24,138.04
521,110,87,2008-03-25 2:07:43,1059.29
4198,35,99,2007-12-29 20:14:30,183.66
4843,117,4,2007-10-24 1:08:58,10048.51
3367,80,36,2007-11-09 5:18:30,126.25
4740,16,57,2007-11-29 12:43:49,1055.8
2155,18,73,2007-11-13 5:27:58,1040.19
4797,72,66,2007-07-14 5:21:00,193.95
436,51,69,2008-01-03 20:56:02,144.11
2103,133,11,2008-06-25 16:49:45,1093.29
375,146,70,2008-02-26 5:40:20,10092.09
530,32,74,2008-01-27 13:17:10,1079.37
1568,79,85,2007-07-06 20:47:24,10040.99
1109,121,36,2007-08-27 1:31:03,1089.85
4847,138,33,2007-10-24 10:39:34,120.03
354,128,77,2007-12-22 19:20:20,1044.29
4334,47,3,2007-08-15 8:25:05,2019.5
3265,168,70,2008-06-05 12:57:22,2079.13
795,113,1,2008-06-19 10:57:04,182.9
265,125,63,2007-12-17 2:59:23,-636.65
670,144,43,2008-04-10 5:41:12,124.72
3847,89,4,2007-10-15 9:23:54,10088.93
506,149,10,2007-12-19 17:23:07,84.5
4815,99,14,2007-08-29 20:44:34,2046.08
2608,129,30,2007-06-02 6:58:10,2054.28
2440,125,47,2008-06-24 0:47:21,95.97
3242,174,10,2007-12-15 9:16:23,1102.09
115,83,34,2008-02-21 23:54:43,1048.3
1683,15,72,2007-07-23 4:53:05,1044.55
2346,141,88,2008-05-15 10:23:25,1029.96
3045,21,39,2007-05-13 15:32:57,153.84
1538,165,83,2007-10-02 16:19:44,93.9
2339,154,23,2007-06-03 11:35:18,-613.34
4627,91,58,2007-07-19 0:24:14,-642.54
574,48,44,2008-05-22 21:01:10,1048.03
419,36,10,2007-06-01 11:55:15,151.84
3146,160,48,2007-12-08 5:56:40,106.39
577,142,72,2008-01-27 4:44:15,1102.12
2981,128,50,2007-05-14 13:52:15,10083.71
4654,66,26,2008-01-27 4:04:17,1117.03
3268,65,89,2008-06-28 23:47:51,127.01
883,58,36,2007-08-17 13:11:51,-628.45
1497,83,65,2007-07-20 16:19:02,10076.75
2667,75,94,2008-03-11 17:42:25,-619.6
426,116,52,2008-06-25 20:00:39,157.61
606,156,87,2008-01-08 9:23:03,-658.51
4575,102,11,2007-10-23 15:30:10,150.12
3636,2,39,2008-03-20 11:50:01,157.35
525,159,47,2008-02-21 23:54:43,155.8
1369,106,8,2007-08-05 13:32:56,89.92
402,82,73,2007-10-25 7:38:04,1084.1
4228,177,38,2007-08-08 19:59:40,2078.81
3274,57,61,2008-06-18 20:55:56,160.19
837,148,39,2007-11-06 11:38:46,153.45
1101,140,79,2008-05-27 1:02:08,1034.75
3325,5,91,2008-05-06 2:24:15,146.76
2317,114,19,2007-12-10 15:53:53,101.09
4627,73,37,2008-05-02 18:45:00,1065.69
2205,16,65,2008-06-05 14:27:09,129.94
1437,87,74,2007-12-14 1:30:56,10035.55
2882,136,7,2007-08-08 19:59:40,192.64
2307,97,28,2007-06-23 17:27:00,-618.19
4816,71,42,2007-10-16 18:45:51,10017.05
496,77,49,2008-02-20 21:26:05,158.43
4484,76,95,2008-03-18 12:11:07,1110.5
2016,90,67,2007-08-06 5:12:05,116.32
4418,163,37,2007-05-03 4:28:36,182.76
2754,122,44,2008-04-08 3:24:26,10054.37
968,139,20,2007-07-18 18:12:52,10021.43
2553,76,47,2007-07-03 16:44:22,10080.65
4487,7,97,2007-06-30 13:04:06,43.38
4363,80,94,2007-05-28 20:16:13,66.05
64,110,98,2007-10-29 13:53:53,134.12
2477,51,92,2008-04-17 14:53:42,1047.98
4886,32,82,2008-04-23 3:34:19,10078.1
5000,71,24,2007-08-20 6:26:06,168.9
4666,109,57,2007-11-03 14:50:49,70.84
2884,49,40,2007-07-26 8:24:48,150.04
4523,123,3,2007-05-28 20:16:13,2031.68
4606,158,83,2007-12-25 17:09:27,1070.52
3254,170,70,2007-10-19 22:09:29,176.19
4057,8,23,2008-06-18 2:26:36,-641.25
4913,52,42,2007-11-24 4:59:52,142.3
1898,83,8,2007-07-28 12:32:25,55.64
2228,136,80,2008-01-21 10:08:36,152.5
1079,96,75,2008-05-12 10:01:40,89.33
1082,102,16,2008-03-25 11:50:12,-668.26
1803,75,2,2008-04-30 8:37:10,1045.73
3428,162,62,2008-02-04 5:46:26,1078.57
4872,8,36,2007-10-20 4:49:56,150.72
3731,175,18,2007-08-14 23:16:46,149.96
420,75,98,2007-12-07 13:04:37,10047.98
818,58,58,2008-05-19 15:55:37,1108.54
2835,26,50,2007-12-29 16:10:08,162.97
1697,120,68,2008-02-06 22:40:46,56.92
1369,100,97,2007-10-09 21:37:50,111.59
1081,53,90,2007-06-23 13:29:45,56.34
2418,27,29,2007-05-07 4:53:09,165.26
1508,172,45,2008-04-27 9:08:43,2051.91
1665,76,29,2007-07-14 22:21:50,1120.01
3910,24,80,2007-12-17 8:22:06,104.75
1501,40,48,2007-10-03 6:52:44,1090.41
1292,114,77,2008-04-09 16:38:33,63.3
3367,131,87,2007-05-18 14:32:29,2045.65
3876,32,93,2008-04-14 7:26:31,1112.45
1431,32,3,2008-03-16 10:10:02,141.42
4372,93,77,2008-01-03 16:18:07,2081.0
4260,55,9,2007-05-08 2:13:03,42.69
2068,87,12,2008-02-28 23:18:30,199.58
1907,107,2,2007-08-21 22:39:43,2067.22
3631,1,80,2007-06-27 12:52:53,1051.22
1820,146,3,2007-12-09 0:46:16,151.7
2157,59,3,2008-04-21 0:30:53,1060.24
1699,30,59,2007-07-03 15:59:16,123.45
1136,106,58,2008-02-13 8:21:05,98.9
4528,145,64,2008-01-25 14:18:30,68.57
2112,44,49,2007-10-18 22:49:15,81.1
335,140,34,2007-11-01 9:56:05,2056.92
3564,156,28,2008-05-25 22:20:50,161.68
3353,173,97,2007-10-25 9:51:21,1087.44
4596,135,15,2008-02-14 0:24:38,10052.92
3512,27,81,2008-04-08 19:52:22,1054.17
2699,52,58,2008-05-12 23:02:49,140.24
3908,88,15,2007-06-03 20:23:21,102.35
961,85,25,2007-07-02 5:34:35,2036.88
3931,131,89,2008-01-10 14:02:34,-672.26
1632,118,3,2008-03-03 11:32:53,2097.11
1319,124,20,2007-06-10 17:03:25,2027.22
854,22,16,2007-12-17 8:22:06,2069.23
4684,50,27,2008-05-06 6:52:04,101.91
1321,122,1,2007-10-16 18:45:51,171.6
359,131,24,2007-12-09 0:46:16,172.56
1659,14,93,2008-05-20 0:45:08,10053.25
4118,145,71,2007-06-06 19:42:31,112.04
3875,75,17,2008-04-18 10:35:09,133.51
2736,62,58,2007-11-13 5:27:58,1079.08
4411,164,19,2007-11-14 2:55:59,2073.77
4296,51,68,2008-02-11 5:57:31,1058.12
3229,87,30,2007-12-20 22:49:41,2039.35
1748,168,87,2007-12-13 3:50:35,53.25
346,171,85,2008-04-20 3:21:49,49.86
4797,104,48,2008-01-15 10:44:09,10064.23
917,156,22,2007-08-12 3:28:06,1044.71
1681,122,79,2008-02-01 11:10:42,1056.32
4947,166,93,2007-06-03 20:23:21,1049.21
4623,103,36,2007-05-15 3:04:49,-619.71
4265,174,60,2008-06-10 16:13:51,135.16
452,147,71,2008-03-26 5:27:10,164.65
4220,140,14,2007-12-21 13:57:45,10055.68
2399,70,90,2008-04-02 3:22:18,1055.95
1663,52,47,2007-07-16 20:32:23,10020.58
3974,16,37,2007-10-11 3:14:00,128.63
934,36,2,2008-01-15 19:50:44,2069.29
3886,112,74,2007-07-10 7:57:53,159.62
4528,21,35,2007-08-02 15:47:08,40.57
4661,49,3,2007-05-09 14:03:37,1081.48
1727,38,87,2008-01-27 4:04:17,10018.47
1079,164,63,2008-06-25 20:00:39,1091.06
3190,108,20,2008-04-02 11:57:05,-639.11
4283,77,16,2008-01-01 20:23:17,44.1
4319,95,82,2008-01-23 15:20:04,-652.44
3779,48,2,2008-03-24 13:27:34,182.04
4225,167,88,2007-08-08 17:47:59,1090.81
3127,66,76,2008-02-13 13:15:39,1079.43
2526,57,16,2008-04-26 10:28:29,-627.48
2616,20,69,2008-05-15 12:11:08,10057.21
4670,107,53,2007-12-13 2:50:30,109.04
3020,176,29,2008-03-03 11:32:53,2057.33
454,68,35,2008-06-09 20:14:01,60.63
1932,27,29,2008-04-06 1:54:13,-677.32
4178,87,59,2007-06-01 4:40:51,94.55
1348,85,25,2007-05-06 9:37:45,1079.75
981,102,77,2007-11-24 4:59:52,1030.26
1800,23,34,2008-03-15 22:06:34,2059.29
4389,11,5,2007-10-04 20:48:21,188.44
1610,120,2,2007-06-16 17:42:15,2067.31
2658,80,2,2007-12-19 17:23:07,2026.83
745,91,98,2007-12-24 12:03:24,2099.98
702,167,23,2007-10-03 11:59:15,10063.56
3410,69,78,2007-12-21 13:57:45,165.92
3205,81,37,2007-10-30 11:44:28,132.61
4378,63,69,2007-12-04 1:06:54,-639.96
219,5,34,2007-08-10 8:56:22,1064.87
1043,87,1,2007-10-03 11:59:15,102.82
2067,100,42,2008-04-10 21:32:37,146.76
266,155,26,2007-07-17 11:55:51,2025.77
804,125,42,2007-07-03 16:44:22,127.89
5000,1,4,2008-03-18 23:11:57,132.79
3932,130,46,2007-11-08 15:45:20,52.04
843,91,52,2008-01-24 23:02:24,153.98
107,140,19,2007-05-05 1:25:39,187.6
4771,17,78,2008-03-03 17:13:14,89.44
4647,90,58,2008-01-09 0:07:15,2055.56
4034,81,74,2007-11-18 13:44:04,1072.91
4922,110,41,2008-04-08 3:24:26,148.97
4302,29,97,2008-01-09 0:07:15,109.68
727,156,73,2007-06-20 12:13:51,10083.96
629,66,16,2007-06-01 12:33:25,55.49
416,19,5,2008-01-13 2:24:59,138.85
3356,143,64,2008-03-26 5:27:10,10092.2
3543,155,10,2007-10-31 12:45:10,1064.36
3070,66,77,2008-01-27 4:04:17,192.05
642,96,56,2007-08-21 14:53:04,73.24
3788,69,70,2008-01-25 9:57:15,10057.75
4301,38,34,2008-03-27 13:35:17,-644.88
2505,128,38,2008-01-03 16:18:07,151.58
1203,144,96,2007-10-07 13:02:48,10057.89
4462,76,18,2008-05-09 8:19:49,89.92
1131,49,26,2007-11-15 16:25:29,127.2
4435,152,100,2008-03-11 9:57:00,1056.18
2123,164,26,2008-05-04 5:03:38,193.64
2125,134,57,2007-10-15 21:49:52,1057.62
4970,127,29,2008-06-28 23:47:51,-634.52
3220,101,62,2007-07-06 19:23:01,1050.67
3771,149,14,2007-11-29 15:51:45,10017.92
3049,128,9,2007-07-21 13:22:14,191.78
1431,47,5,2007-10-27 2:39:21,10080.32
2045,32,11,2007-05-18 13:28:18,52.24
1164,44,14,2008-03-10 10:37:02,91.83
1692,38,43,2007-10-07 0:56:05,137.81
1503,106,97,2008-01-09 0:07:15,10054.87
2702,109,98,2008-01-20 14:51:24,10064.09
2067,52,94,2008-06-03 15:12:10,1062.46
2900,85,100,2007-10-01 5:46:03,-675.56
4782,159,57,2007-05-18 13:28:18,10039.72
3641,157,84,2008-01-04 6:32:49,2095.59
2140,54,80,2008-03-16 19:14:36,10039.38
3453,169,60,2007-11-29 23:04:30,99.25
4893,14,56,2008-02-08 20:00:45,2059.92
363,110,87,2007-05-28 20:16:13,1090.61
757,15,70,2008-05-15 10:10:10,62.87
1830,73,57,2007-07-17 11:55:51,178.33
2902,162,33,2008-05-25 15:55:22,89.66
4122,107,71,2008-05-01 20:40:34,167.04
4251,139,52,2007-11-01 9:56:05,1092.99
2157,127,35,2007-11-17 11:34:02,122.98
820,175,75,2007-06-17 9:43:33,124.65
3307,30,26,2008-01-23 15:07:52,126.2
4079,50,86,2007-12-31 2:58:16,1032.5
4196,72,3,2008-05-05 18:49:24,54.84
3751,128,49,2007-06-09 2:34:24,1055.84
1643,97,11,2008-04-06 1:54:13,10054.41
794,108,45,2007-08-24 15:24:52,132.53
1124,28,67,2007-12-24 16:28:30,119.59
821,12,18,2007-10-04 20:48:21,1071.27
3491,148,81,2008-01-23 5:06:44,1097.96
780,41,38,2008-06-25 4:38:45,10079.31
573,147,82,2008-03-16 19:14:36,-646.18
1829,143,89,2007-10-09 21:37:50,2090.67
4169,70,61,2007-06-18 3:26:21,1087.03
1420,175,46,2007-08-01 3:15:42,10065.85
2087,105,72,2008-01-14 12:37:15,10042.75
3434,34,25,2008-02-26 23:20:58,1040.89
2146,165,35,2007-06-22 6:27:54,95.52
1737,176,21,2008-01-26 10:44:55,89.71
700,157,14,2008-04-16 12:31:53,126.19
802,59,49,2007-10-14 12:11:47,120.88
398,47,62,2008-03-03 19:17:41,131.68
4577,26,66,2008-03-05 22:47:45,175.38
1836,137,30,2007-07-21 21:32:38,128.26
2848,141,49,2007-10-07 3:58:45,2049.18
1002,46,68,2007-10-27 22:14:23,38.96
3089,131,46,2007-12-14 21:04:17,75.73
2075,45,49,2007-05-15 12:17:00,2083.32
1610,150,62,2008-03-30 16:48:24,71.94
239,153,90,2007-11-24 20:44:12,1043.21
3598,30,99,2007-05-28 12:18:34,-647.79
3663,98,5,2007-06-20 17:24:32,113.77
3816,38,55,2008-05-22 21:01:10,2074.6
1125,84,38,2007-08-06 20:49:36,138.02
3959,25,40,2008-03-16 10:10:02,180.79
2795,99,59,2007-11-06 15:09:47,-629.31
441,84,12,2008-01-03 20:45:43,92.56
1266,21,45,2007-11-30 1:24:36,-626.37
1142,76,70,2007-05-01 8:41:46,133.96
2820,94,39,2007-05-15 8:47:51,-640.64
2853,155,36,2008-01-14 12:37:15,158.34
1405,19,19,2008-04-29 13:46:11,2058.62
4101,157,62,2008-03-04 17:54:14,124.12
3517,55,17,2008-05-18 21:49:20,1055.51
2225,19,26,2007-06-02 6:58:10,2074.0
3822,148,70,2007-05-31 22:45:27,2067.25
2946,105,53,2008-06-25 20:00:39,82.74
1505,11,42,2007-11-01 13:50:47,170.43
1994,66,23,2007-06-30 23:56:46,1086.36
13,60,40,2008-05-25 15:55:22,55.59
3061,146,74,2007-10-09 21:37:50,1045.91
4650,66,48,2008-01-09 0:07:15,-636.24
1532,46,96,2007-05-09 20:22:22,161.87
3710,33,18,2008-01-16 3:28:16,78.33
3091,12,81,2008-01-28 15:12:26,1119.91
99,45,11,2008-06-12 14:41:52,1085.33
2626,163,86,2008-01-05 21:06:15,1037.94
3359,163,89,2007-11-18 17:39:47,2081.72
3660,72,77,2008-03-10 10:37:02,-609.61
1134,32,68,2007-07-06 19:23:01,-612.06
4033,131,86,2008-02-29 23:20:50,1066.21
2624,9,5,2007-11-03 17:01:41,60.6
4242,80,87,2007-06-27 17:43:28,161.09
2649,136,68,2008-02-28 23:18:30,176.34
3166,136,41,2008-06-25 20:00:39,131.24
3364,11,3,2007-06-24 22:13:55,71.04
3916,81,79,2007-11-03 4:06:20,133.97
3433,33,38,2008-03-28 8:44:59,1093.6
2899,56,13,2007-11-03 17:01:41,1059.14
2775,102,14,2007-07-17 8:27:55,166.8
2568,67,51,2007-10-02 1:48:50,10044.2
830,107,94,2008-03-27 13:35:17,142.91
606,90,32,2008-06-24 0:47:21,1063.34
101,177,55,2008-03-22 1:15:53,149.08
2711,65,60,2007-12-21 13:57:45,1062.43
4590,54,91,2008-05-27 1:02:08,-648.8
805,166,11,2008-04-24 2:51:06,10016.32
3363,75,35,2008-01-09 8:34:05,1089.53
3302,127,35,2008-06-08 8:21:02,161.6
1876,30,92,2007-12-05 18:26:16,122.24
2189,72,37,2008-06-28 11:49:14,1090.55
3083,117,7,2007-07-03 13:27:22,1036.8
786,48,67,2007-05-22 11:05:25,170.54
4474,48,12,2007-10-16 1:03:04,170.01
4415,47,13,2007-10-31 20:05:16,10015.54
2832,102,61,2008-03-13 16:22:16,113.88
4145,25,35,2007-12-02 23:43:44,1102.31
2225,50,22,2007-05-07 17:46:15,158.11
4741,25,18,2008-01-11 22:27:17,2053.22
779,110,81,2007-12-15 4:05:05,-677.05
4916,154,25,2008-03-26 15:24:41,65.84
3564,44,96,2007-11-16 10:55:10,159.32
4500,97,19,2008-06-25 16:49:45,138.45
2086,127,77,2008-01-23 15:20:04,10072.51
4965,75,81,2008-06-28 12:33:38,152.86
4855,173,72,2007-11-28 16:56:30,105.16
428,108,26,2007-05-27 20:24:22,-605.38
4137,34,82,2007-07-19 7:16:01,10046.95
4323,148,74,2007-12-29 16:10:08,2071.73
4895,16,86,2007-11-25 1:42:43,2073.44
1087,12,29,2007-11-29 0:20:44,2070.17
87,83,9,2008-03-04 17:54:14,1067.65
3517,6,67,2007-06-07 22:06:23,125.9
4555,31,75,2008-04-21 0:30:53,1070.79
3952,124,15,2008-05-24 13:53:33,-650.79
1170,91,70,2008-03-18 12:11:07,88.3
4677,11,58,2008-05-12 23:02:49,105.41
4036,12,88,2007-12-14 0:46:25,10039.59
4274,136,55,2007-08-14 23:16:46,1092.45
4506,17,14,2008-03-18 12:11:07,1056.24
3117,156,84,2008-03-18 12:11:07,2027.94
1628,119,74,2008-01-13 2:24:59,68.0
2465,26,38,2008-04-08 3:24:26,122.31
915,137,52,2007-10-29 13:53:53,191.47
1257,26,16,2007-08-27 20:40:49,80.84
3186,168,10,2008-05-15 13:26:20,-615.7
2618,126,51,2008-05-20 9:38:42,151.18
1370,78,42,2007-10-02 1:48:50,-658.36
4495,47,95,2008-05-30 10:15:31,-609.83
738,168,97,2007-06-17 9:43:33,1044.12
712,158,23,2007-05-13 21:40:39,93.06
1297,18,60,2007-11-15 16:25:29,1078.67
4103,162,68,2008-03-16 19:14:36,159.06
1790,145,60,2008-06-06 1:24:10,-635.26
2229,87,16,2007-11-08 13:56:18,1052.73
3855,17,85,2007-07-24 16:51:03,160.18
276,62,79,2008-06-03 4:45:01,2035.04
2927,139,7,2008-03-29 0:56:50,1038.33
176,105,56,2007-05-17 4:07:19,64.5
1724,119,31,2007-06-30 8:47:44,45.32
4253,139,85,2007-07-03 9:23:24,69.61
2248,169,20,2008-03-04 9:38:39,168.7
969,142,65,2008-01-08 5:20:44,1046.93
1682,40,7,2008-05-30 6:04:58,2068.42
1796,150,14,2008-03-28 10:18:33,56.91
5,115,15,2007-06-30 23:56:46,-622.84
2244,28,10,2008-05-28 2:39:39,1053.84
2438,7,94,2008-06-29 18:52:00,2051.02
1385,63,91,2007-07-07 2:32:54,1067.91
615,114,57,2007-06-05 0:52:21,2030.8
3405,130,69,2008-01-07 5:22:14,2054.88
3760,82,17,2007-08-21 18:09:07,2069.44
4218,99,3,2007-12-23 14:16:07,2056.68
1820,69,92,2007-07-14 1:29:26,67.79
1667,81,13,2007-07-21 21:32:38,-623.66
3940,156,41,2008-01-09 0:07:15,148.24
4447,101,35,2008-05-02 9:16:05,196.42
3383,146,70,2007-07-29 13:47:47,-641.7
3401,89,13,2007-07-16 20:32:23,1080.36
3024,141,20,2008-01-15 10:44:09,1081.42
2139,13,45,2008-06-25 20:00:39,1052.85
3151,122,14,2008-06-11 14:41:43,1081.39
2826,108,27,2007-11-03 19:15:44,-639.6
1035,84,37,2008-01-27 3:55:06,178.82
3114,27,20,2008-01-13 3:11:48,116.86
2717,156,50,2007-10-15 9:23:54,181.62
2503,125,17,2007-07-18 0:00:18,1080.26
3637,70,70,2007-10-14 1:49:00,10067.16
4164,131,3,2008-02-16 11:53:05,-632.0
3188,48,10,2008-04-08 19:52:22,143.67
2580,90,92,2008-04-23 3:34:19,156.65
2293,132,87,2008-06-06 15:51:39,1052.5
4151,62,6,2007-05-28 12:18:34,1058.66
3754,176,20,2008-06-05 5:31:13,-633.22
3505,55,27,2008-06-02 5:48:09,1056.17
1981,136,98,2007-11-06 0:46:31,172.17
1138,119,30,2007-11-03 11:28:22,1024.24
1869,151,22,2008-06-18 20:55:56,10018.31
4713,75,57,2007-06-09 2:34:24,-618.3
1989,111,75,2008-01-08 5:20:44,10056.93
3010,21,89,2007-11-03 19:15:44,1092.62
3838,149,88,2007-06-18 3:26:21,10047.27
4848,167,62,2008-05-09 12:43:29,120.54
4108,124,12,2007-05-15 5:45:35,-682.2
4008,92,61,2007-11-08 15:45:20,10064.66
3536,59,77,2007-11-19 3:46:51,1055.08
2251,158,90,2008-03-25 2:07:43,60.8
2804,14,39,2007-06-03 17:20:48,1087.43
2245,43,43,2008-03-15 12:17:22,2098.49
4788,108,7,2007-05-05 1:25:39,187.68
2730,40,82,2007-11-08 20:14:02,157.92
3589,161,58,2007-07-20 5:49:16,123.06
3502,19,63,2008-03-11 17:42:25,149.96
4664,127,41,2007-06-03 17:20:48,2075.87
167,41,56,2008-02-29 4:54:22,143.01
3859,15,49,2008-06-09 20:14:01,2057.17